species_ID,phylum,class,order,family,genus,species,subspecies,common_name,habitat,water,IUCN-status-global,COSEWIC-status,species_notes
SP36,chordata,Actinopterygii,Acipenseriformes,Acipenseridae,acipenser,sturio,,European-sturgeon,,,,,
SP46,chordata,Actinopterygii,Albuliformes,Albulidae,Albula,vulpes,,Bonefish,reef,marine,,,
SP91,,,,,Alosa,aestivalis,,blueback-herring,,,,,
SP66,n/a,n/a,n/a,n/a,Ameiurus,nebulosus,,brown-bullhead,,,,,
SP31,chordata,Actinopterygii,Perciformes,Anarhichadidae,Anarhichas,minor,,spotted-wolffish,,,NT,,
SP33,chordata,Actinopterygii,Anguilliformes,Anguillidae,Anguilla,rostrata,,american-eel,mixed,mixed,EN,,
SP74,n/a,n/a,n/a,n/a,Anoplopoma,fimbria,,sablefish,ocean,marine,,,
SP15,chordata,Actinopterygii,Cyprinodontiformes,Cyprinodontidae,aphanius,dispar,,arabian-toothcarp,,,LC,,
SP37,chordata,Actinopterygii,Atheriniformes,Atherinidae,atherina,presbyter,,sand-smelt,,,,,
SP87,,,,,Austrolebias,wolterstorff,,,wetlands,,,,
SP92,,,,,Bathygobius,cocosensis,,,intertidal,marine,,,
SP61,n/a,n/a,n/a,n/a,Betta,rubra,,cupang,,,,,
SP56,n/a,n/a,n/a,n/a,Boreogadus,saida,,Arctic-cod,,,,,
SP84,,,,,campostoma,anomalum,,stoneroller,stream,freshwater,,,
SP69,n/a,n/a,n/a,n/a,Chirostoma,estor,,white fish,lake,freshwater,,,
SP83,,,,,chrosomus,erythrogaster,,redbelly-dace,stream,freshwater,,,
SP26,chordata,Actinopterygii,Clupeiformes,Clupeidae,Clupea,harengus,,Atlantic-herring,ocean,marine,LC,,
SP49,chordata,Actinopterygii,Salmoniformes,Salmonidae,Coregonus,clupeaformis,,lake-whitefish,lake,freshwater,,,
SP54,n/a,n/a,n/a,n/a,Coregonus,peled,,peled-whitefish,mixed,mixed,,,
SP64,n/a,n/a,n/a,n/a,Coregonus,hoyi,,bloater,,,,,
SP6,chordata,Actinopterygii,Perciformes,Coryphaenidae,Coryphaena,hippurus,,mahi-mahi,ocean,marine,LC,,
SP24,chordata,Actinopterygii,Cypriniformes,Cyprinidae,Cyprinus,carpio,,common-carp,,,VU,,
SP5,chordata,Actinopterygii,Eupercaria incertae sedis,Moronidae,dicentrarchus,labrax,,European-sea-bass,mixed,mixed,LC,,"species in (Kontopoulos et al., 2024)"
SP40,chordata,Actinopterygii,Perciformes,Eleginopsidae,Eleginops,maclovinus,,Patagonian-blennie,,,,,
SP57,n/a,n/a,n/a,n/a,Eleginus,gracilis,,Saffron-cod,,,,,
SP45,chordata,Actinopterygii,Cyprinodontiformes,Fundulidae,Fundulus,heteroclitus,,Mummichog,mixed,mixed,,,northern and southern subspecies
SP70,n/a,n/a,n/a,n/a,Fundulus,diaphanus,,banded-killfish,,,,,
SP76,,,,,fundulus,heteroclitus,macrolepidotus,,,,,,
SP9,chordata,Actinopterygii,Gadiformes,Gadidae,gadus,morhua,,Atlantic-cod,ocean,marine,VU,,
SP58,n/a,n/a,n/a,n/a,Gadus,macrocephalus,,Pacific-cod,,,,,
SP59,n/a,n/a,n/a,n/a,Gadus,chalcogrammus,,Walleye-pollock,,,,,
SP19,chordata,Actinopterygii,Cyprinodontiformes,Poeciliidae,Gambusia,holbrooki,,eastern-mosquitofish,,,LC,,
SP71,n/a,n/a,n/a,n/a,Garra,rufa,,doctor fish,river,freshwater,,,
SP30,chordata,Actinopterygii,Cichliformes,Cichlidae,geophagus,brasiliensis,,pearl-cichlid,,freshwater,LC,,
SP16,chordata,Actinopterygii,Cypriniformes,Cyprinidae,gobiocypris,rarus,,rare-minnow,river,freshwater,EN,,
SP63,n/a,n/a,n/a,n/a,Gymnocephalus,cernuus,,ruffe,,,,,
SP67,n/a,n/a,n/a,n/a,Harpagifer,antarcticus,,n/a,,,,,
SP38,chordata,Actinopterygii,Pleuronectiformes,Pleuronectidae,hippoglossus,hippoglossus,,atlantic-halibut,ocean,,,,
SP8,chordata,Actinopterygii,Cypriniformes,Catostomidae,ictiobus,bubalus,,smallmouth-buffalo,,,LC,,
SP3,chordata,Actinopterygii,Cypriniformes,Cyprinidae,labeo,rohita,,rohu,river,freshwater,LC,,high commercial value
SP52,chordata,Actinopterygii,Siluriformes,Bagridae,Tachysurus,dumerili,,longirostris,river,freshwater,,,
SP77,,,,,Lepidomeda,copei,,leatherside chub,river/creek,freshwater,,,
SP86,,,,,Lepidopsetta,polyxystra,,northern rock sole,ocean,marine,,,
SP42,chordata,Actinopterygii,Perciformes,Centrarchidae,Lepomis,macrochirus,,bluegill-sunfish,lake,freshwater,LC,,
SP60,n/a,n/a,n/a,n/a,Lota,lota,,burbot,,,,,
SP82,,,,,Lutjanus,griseus,,gray-snapper,ocean,marine,,,
SP85,,,,,Lutjanus,apodus,,schoolmaster snapper,ocean,marine,,,
SP44,chordata,Actinopterygii,Perciformes,Centrarchidae,micropterus,dolomieu,,smallmouth-bass,,,,,
SP28,chordata,Actinopterygii,Perciformes,Serranidae,Mycteroperca,rosacea,,leopard-grouper,,,LC,,
SP80,,,,,Myoxocephalus,scorpius,,short-horn sculpin,,,,,
SP51,chordata,Actinopterygii,Atheriniformes,Atherinopsidae,Odontesthes,argentinensis,,Pejerrey,mixed,mixed,,,
SP21,chordata,Actinopterygii,Salmoniformes,Salmonidae,Oncorhynchus,nerka,,sockeye-salmon,mixed,marine,LC,,"species in (Kontopoulos et al., 2024)"
SP23,chordata,Actinopterygii,Salmoniformes,Salmonidae,Oncorhynchus,mykiss,,rainbow-trout,,freshwater,n/a,,
SP39,chordata,Actinopterygii,Salmoniformes,Salmonidae,Oncorhynchus,tshawytscha,,chinook-salmon,,,,,"species in (Kontopoulos et al., 2024)"
SP53,chordata,Actinopterygii,Salmoniformes,Salmonidae,Oncorhynchus,clarkii,pleuriticus,Colorado-River-cutthroat-trout,mixed,freshwater,,,
SP79,chordata,Actinopterygii,Salmoniformes,Salmonidae,Oncorhynchus,clarkii,stomias,Greenback-cutthroat-trout,mixed,freshwater,,,
SP22,chordata,Actinopterygii,Cypriniformes,Cyprinidae,Onychostoma,barbatula,,taiwan-shoveljaw-carp,river,,DD,,
SP41,chordata,Actinopterygii,Cichliformes,Cichlidae,Oreochromis ,niloticus,,Nile-tilapia,,,,,
SP90,,,,,Pagothenia,borchgrevinki,,,ocean,marine,,,
SP18,chordata,Actinopterygii,Pleuronectiformes,Paralichthyidae,Paralichthys,olivaceus,,olive-flounder,ocean,marine,n/a,,"""commercially important for Japanese fisheries"" (Fonds et al., 1995)"
SP89,,,,,Paralichthys,dentatus,,summer flounder,"estuary, continental shelf",marine,,,
SP88,,,,,Parophrys,vetulus,,english-sole,,,,,
SP12,chordata,Actinopterygii,Perciformes,Percidae,perca,fluviatilis,,european-perch,lake,freshwater,LC,,"species in (Kontopoulos et al., 2024)"
SP78,,,,,Petromyzon,marinus,,sea lamprey,creek,freshwater,,,
SP32,chordata,Actinopterygii,Perciformes,Serranidae,plectropomus,leopardus,,common-coral-trout,reef,marine,LC,,
SP50,chordata,Actinopterygii,Gadiformes,Gadidae,Pollachius,pollachius,,Pollack,ocean,marine,,,
SP65,n/a,n/a,n/a,n/a,Pomadasys,commersonnii,,spotted grunter,,,,,
SP73,n/a,n/a,n/a,n/a,Pseudocrenilabrus,multicolor-victoriae,,Egyptian-mouth-brooder,,,,,
SP17,chordata,Actinopterygii,Cypriniformes,Cyprinidae,Ptychocheilus,lucius,,Colorado-pikeminnow,river,freshwater,VU,,
SP14,chordata,Actinopterygii,Perciformes,rachycentridae,rachycentron,canadum,,cobia,ocean,marine,LC,,
SP13,chordata,Actinopterygii,Cypriniformes,Cyprinidae,rutilus,rutilus,,roach,lake,freshwater,LC,,"species in (Kontopoulos et al., 2024)"
SP25,chordata,Actinopterygii,Salmoniformes,Salmonidae,salmo,trutta,,brown-trout,,,LC,,"species in (Kontopoulos et al., 2024)"
SP35,chordata,Actinopterygii,Salmoniformes,Salmonidae,salmo,salar,,atlantic-salmon,mixed,mixed,NT,,"species in (Kontopoulos et al., 2024)"
SP34,chordata,Actinopterygii,Salmoniformes,Salmonidae,Salvelinus,willughbii,,windermere-char,,,,,"***In the paper (written in 1964), this fish is considered a subspecies (Salvelinus alpinus willughbii) but a quick search on FishBase makes me think it's now considered its own species (Salvelinus willughbii). Double check this!!!"
SP62,n/a,n/a,n/a,n/a,Salvelinus,namaycush,,lake-trout,lake,freshwater,,,
SP55,n/a,n/a,n/a,n/a,Salvelinus ,alpinus,,Arctic-char,mixed,mixed,,,
SP20,chordata,Actinopterygii,Clupeiformes,Clupeidae,Sardinops,sagax,,pacific-sardine,,marine,LC,,
SP47,chordata,Actinopterygii,Cypriniformes,Cyprinidae,Schizothorax,prenanti,,ya-yu,river,freshwater,,,
SP4,chordata,Actinopterygii,Scombriformes,scombridae,scomber,japonicus,,chub-mackerel,ocean,marine,LC,,
SP29,chordata,Actinopterygii,Pleuronectiformes,Scophthalmidae,Scophthalmus,maximus,,turbot,,,LC,,"""commercially important"" (Aydın et al., 2021)"
SP72,n/a,n/a,n/a,n/a,Siganus,rivulatus,,spinefoot-rabbitfish,,,,,
SP1,chordata,Actinopterygii,Siluriformes,siluridae,silurus,meridionalis,,chinese-large-mouth-catfish,river,freshwater,LC,,
SP10,chordata,Actinopterygii,Centrarchiformes,Percichthyidae,Siniperca,knerii,,big-eye-mandarin-fish,,,DD,,"""essential economic fish"" "
SP48,chordata,Actinopterygii,Cypriniformes,Cyprinidae,Spinibarbus,sinensis,,qingbo,river,freshwater,,,
SP7,chordata,Actinopterygii,Clupeiformes,Clupeidae,sprattus,sprattus,,European-sprat,ocean,marine,LC,,
SP2,chordata,Actinopterygii,Tetraodontiformes,tetraodontidae,takifugu,rubripes,,tiger-puffer,ocean,marine,NT,,
SP81,,,,,Taurulus,bubalis,,long-spined sea scorpion,,,,,
SP27,chordata,Actinopterygii,Perciformes,Labrideae,tautogolabrus,adspersus,,cunner,,,LC,,
SP43,chordata,Actinopterygii,Carangiformes,Carangidae,Trachurus,japonicus,,jack-mackerel,,,NT,,
SP11,,,,,,,,,,,,,
,,,,,,,,,,,,,
SP94,,,,,Anarhichas,lupus,,atlantic-wolffish,ocean,marine,,,"inhabit rocky bottoms, and areas with soft or mixed substratum"
SP95,,,,,Prosopium,williamsoni,,mountain-whitefish,river,freshwater,,,
SP96,,,,,Gadopsis,marmoratus,,river-blackfish,river,freshwater,,,
SP97,,,,,Gadopsis,bispinosus,,two-spined-blackfish,river,freshwater,,,
SP98,,,,,Oncorhynchus,gorbuscha,,pink-salmon,river,freshwater,,,
SP99,,,,,Barbus,barbus,,barbel,river,freshwater,,,
SP100,,,,,Anoplopoma,fimbria,,sablefish,,,,,
SP101,,,,,Ictalurus,furcatus,,blue-catfish,river,freshwater,,,
SP102,,,,,Gasterosteus,aculeatus,,three-spined stickleback,,,,,
SP103,,,,,Channa,striatus,,striped-snakehead,,freshwater,,,
SP104,,,,,Cyprinus,carpio,var. communis,common-carp,,freshwater,,,
SP105,,,,,Centropristis ,striata,,black-sea-bass,,marine,,,
SP106,,,,,Oreochromis,mossambicus,,Mozambique-tilapia,,,,,
SP107,,,,,Chelon,labrosus,,thicklip-grey-mullet,,,,,
SP108,,,,,Trematomus,bernacchii,,emerald-rockcod,,marine,,,
SP109,,,,,Trematomus,pennellii,,sharp-spined-notothenia,,marine,,,
SP110,,,,,Lophius,litulon,,yellow-goosefish,,marine,,,
SP111,,,,,Dascyllus,melanurus,,four-striped-damselfish,reef,marine,,,
SP112,,,,,Chromis ,atripectoralis,,black-axil-chromis,reef,marine,,,
SP113,,,,,Pomacentrus,moluccensis,,lemon-damsel,reef,marine,,,
SP114,,,,,Zoramia,leptacantha,,threadfin-cardinalfish,reef,marine,,,
SP115,,,,,Cheilodipterus,quinquelineatus,,five-lined-cardinalfish,reef,marine,,,
SP116,,,,,Abramis,brama,,freshwater-bream,,freshwater,,,
SP117,,,,,Oreochromis,esculentus,,,,,,,
SP118,,,,,Catostomus,commersonii,,white-sucker,lake,freshwater,,,benthic
SP119,,,,,Salvelinus,malma,,Dolly-varden,,,,,
SP120,,,,,Poecilia,reticulata,,guppie,,brackish,,,
SP121,,,,,Gymnodraco,acuticeps,,,,,,,
SP122,,,,,Lates,niloticus,,nile-perch,,freshwater,,,
SP123,,,,,Dentex,dentex,,common dentex,,marine,,,
SP124,,,,,Zoarces,vivparus,,common eelpout,,marine,,,
SP125,,,,,Sarpa,salpa,,native salema,,,,,
SP126,,,,,Sander,vitreus,,,,,,,
SP127,,,,,Triakis,semifasciata,,leopard shark,,,,,
SP128,,,,,Pomatomus,saltatrix,,bluefish,,,,,
SP129,,,,,Forsterygion,lapillum,,triplefin-fish,,,,,
SP130,,,,,Mylopharodon,conocephalus,,hardhead,,,,,
SP131,,,,,Micropogonias,undulatus,,atlantic-croaker,,,,,
SP132,,,,,Leiostomus,xanthurus,,spot,,,,,
SP133,,,,,Etheostoma,fonticola,,fountain-darter,,,,,
SP134,,,,,Amphistichus,argenteus,,barred-surfperch,,,,,
SP135,,,,,Ptychocheilus,oregonensis,,northern-squawfish,,,,,
SP136,,,,,Micropterus,salmoides,,largemouth-bass,,,,,