Trait Group,Trait Name,Trait Unit,Trait Definition,Trait motivation,organization,,,,
metabolism,resting-cardiac-output,ml/min/kg,"Rate of blood flow pumped by the heart in an unstressed, minimally active fish",autonomic,internal,,,,
metabolism,active-cardiac-output,ml/min/kg,Rate of blood flow pumped by the heart in a fish during voluntary or forced swimming,autonomic,internal,,,,
metabolism,resting-heart-rate,beats/min,"Frequency of heart contractions measured in an unstressed, minimally active fish",autonomic,internal,,,,
metabolism,active-heart-rate,beats/min,Frequency of heart contractions measured in a fish during voluntary activity or moderate exercise,autonomic,internal,,,,
metabolism,maximum-ventilation-rate,breaths/min,Highest frequency of opercular movements a fish achieves during sustained swimming at its maximum sustainable speed,negative,internal,,,,
metabolism,maximum-heart-rate,beats/min,Highest frequency of heart contractions a fish can achieve under full cardiac stimulation,negative,internal,,,,
metabolism,resting-ventilation-rate,breaths/min,Frequency of opercular movements measured in a fish at rest,autonomic,internal,,,,
,,,,,,,,,
Energy aquisition,absorption-efficiency,%,The proportion of ingested food energy that is absorbed across the gut rather than lost in faeces,autonomic,internal,,,,
Energy aquisition,absorption-rate,mg/day; J/g/day,"Rate at which ingested food energy is taken up across the gut and made available to the organism, quantified as consumed energy minus that lost in faeces per unit time (often standardized by body mass)",autonomic,internal,,,,
Energy aquisition,capture-manuever-time,s,The duration between the initiation of a prey-directed approach and the moment the fish closes its jaws around the prey during a capture attempt,positive,interaction,,,,
Energy aquisition,consumption-rate,g of prey/day; %; % bw/day; mg/day,"The quantity of food consumed per unit time, expressed as total mass or energy (mg/day, J/day), and can be relative to body mass (g /g/day, % BW /ay)",positive,interaction,,,,
Energy aquisition,conversion-efficiency,%,"The proportion of ingested food converted into new body biomass, expressed as growth in tissue mass relative to the total amount of food consumed",autonomic,internal,,,,
Energy aquisition,prey-consumption,mg; % consumed; # of prey items consumed,"Total mass or number of prey ingested, calculated as the difference between the amount of food offered and the amount remaining uneaten",positive,interaction,,,,"All fish used in the experiment had been fed live Neomysis during the acclimation period and, in combination with pelleted food, during 2 weeks before whilst in the holding tank. Six charr were studied at each experimental temperature (Table I). During the experimental period, the fish were fed live Neomysis four times a day (at 0900, 1300, 1800, and 2300 hours). At feeding, it was checked that at least 20% of the shrimps were left from the previous feeding. Thus, the fish had always access to food. All Neomysis that were offered to the fish were counted and every morning uneaten shrimps were removed and counted"
Energy aquisition,handling-time,s/prey,"The average time required to capture, subdue, and ingest a single prey item",positive,interaction,,,,"Each trial began with fish enclosed behind a partition until prey were added, then the partition was removed. Trials were terminated after 5–10 prey were captured to avoid satiation and prey depletion. Capture events were recorded to estimate handling time (h) using a Holling type II functional response model."
Energy aquisition,net-conversion-efficiency,%,"The proportion of ingested food converted into new body biomass, expressed as growth in tissue mass relative to the energy assimilated from food (after subtracting losses in feces)",autonomic,internal,,,,"Individual fish were fed on a diet of fresh pieces of chopped goat liver once a day for 2 h at 0900 h and 1100 h, ad libitum. Before the commencement of the experiment, the starved, live fish were weighed individually and introduced into the medium. To calculate the initial dry weight of the fish of each species, ten well acclimated fish of same weight group were individually weighed and dried in a hot air oven at 90°C for a period of 24 h to constant weight. To calculate the initial dry weight of the food, goat liver pieces were weighed in a wet condition and dried in a hot air oven at 90°C for 24 h. The feeding trial experiment was conducted for a period of 30 days. In all the experiments, the medium was changed daily. At the time of renewal, the faeces were siphoned out using a rubber tube, fixed in the aquarium with the least disturbance to the fish, and collected separately. They were dried to constant weight and the same procedures were adopted during the experimental periods. The percentage of food energy converted into fish tissues in relation to the food energy absorbed was the net conversion efficiency"
Energy aquisition,prey-capture-probability,%,The proportion of prey items that are successfully caught out of the total prey presented,positive,interaction,,,,NA
Energy aquisition,prey-capture-rate,captures/s,The number of prey successfully captured per unit time,positive,interaction,,,,"Fish were acclimatized for 3 weeks in the laboratory before experiments started. There were six aquariums with 5 roach each and six aquariums with 2 perch. Treatment temperatures were 12, 15, 18, and 21°C (+/- 0.1). Prey densities  were 0.1, 0.3, 0.5, 1.0, 2.0, and 3.0 prey/L. The pret used was phantom midge (Chaoborus obscuripes). All experiments were carried out with hungry fish to standardize hunger levels. Before an experiment started the fish were confined to a smaller section of the aquarium by a partition. Then the prey was introduced and the experiment was initiated by removing the partitioning and allowing the fish to feed. To avoid satiation effects the experiment was terminated when no more than ten prey had been captured. Data recorded during the experiments were the swimming speed of the fish during feeding, number of attacks and number of successful captures during the experimental time. Only one fish in one aquarium was observed in each experiment rendering six replicates for each species per experiment (number of aquariums = 12). The test fish were re-used at different prey densities within temperatures but were changed between temperatures."
Energy aquisition,standardised-energy-intake,%,"Energy intake adjusted for fish size (1 g reference) and expressed as a percentage of the predicted maximum for that temperature (Ratkowsky et al., 1983)",positive,individual,,,,NA
,,,,,,,,,
reproduction,mating-efficiency,%,The proportion of successful copulations out of total mating attempts by a male,positive,population,,,,"Mating and swimming trials were conducted at 14, 18, 22, 26, 30, 34, and 38°C, with individual fish used for only one performance measure (mating or swimming) at one temperature. Experimental fish were exposed to an acute change in temperature at a rate that did not exceed 4°C/h. Swimming/mating performance was assessed at least 10 min (no more than 1h) after the test temperature was reached to ensure that the animals had equilibrated with the aquarium temperature. Mating behaviour of each male was assessed during a 10-min observation period. During this time, the male was in an aquarium containing six mature females. Separate groups of sex female G holbrooki with total body lengths of 3.7 -- 4.5 cm were selected for each male observation period. Groups of six were chosen to ensure that females were not stressed and no single female was continuously harassed. Only nonvirgin females that had not given birth during the previous 5 days were used, since postpartum females may affect male behaviour. Before observations, females were allowed to settle in the observation tank for 30 minutes prior to the introduction of the male fish. Males were randomly selected from host tanks. The observation period was started when the male first began to follow one of the females. During the observation period, several mating behaviours were recorded and entered into the Behavioural software program ETHOM 1.0. Recorded variables were: total time each male spent following all females combined, and the total number of unsuccessful mating attempts and successful copulations. Total # of mating attempts included both unsuccessful mating attempts and successful copulations. Burst swimming performance was assessed by filming at least five startle responses for each individual with a high-speed digital camera. Swimming responses were elicited by tapping the side of the tank. Swimming sequences were filmed by recording the image at an angle of 90° below the glass-bottomed aquarium. The Redlake software packaged was used for analysis of the startle responses. Sequences were replayed frame by frame and the centre region of the head was digitized. The distance moved by individual fish between each successive frame for each startle response sequence was determined, followed by  instantaneous measures of velocity. The fastest of the swimming sequences analysed for each individual was used as a measure of its maximum burst swimming performance. Effects of temperature on the speeds of males during copulation attempts were also examined: individual males were placed into the same filming arena with two adult females, and their mating behaviour was recorded. Distance moved by each male between each frame during mating attempts was determined. Velocity measurements were based on the digitization of the centre point of the head for each male. Maximal approach speed was calculated bu taking the maximum instantaneous speed recorded during each sequence. For these swimming trials, 10 fish were observed at each temperature (n = 70)."
reproduction,mating-rate,copulations/min; copulations/10min,The number of successful copulations performed by a male per unit time,positive,population,,,,"Mating and swimming trials were conducted at 14, 18, 22, 26, 30, 34, and 38°C, with individual fish used for only one performance measure (mating or swimming) at one temperature. Experimental fish were exposed to an acute change in temperature at a rate that did not exceed 4°C/h. Swimming/mating performance was assessed at least 10 min (no more than 1h) after the test temperature was reached to ensure that the animals had equilibrated with the aquarium temperature. Mating behaviour of each male was assessed during a 10-min observation period. During this time, the male was in an aquarium containing six mature females. Separate groups of sex female G holbrooki with total body lengths of 3.7 -- 4.5 cm were selected for each male observation period. Groups of six were chosen to ensure that females were not stressed and no single female was continuously harassed. Only nonvirgin females that had not given birth during the previous 5 days were used, since postpartum females may affect male behaviour. Before observations, females were allowed to settle in the observation tank for 30 minutes prior to the introduction of the male fish. Males were randomly selected from host tanks. The observation period was started when the male first began to follow one of the females. During the observation period, several mating behaviours were recorded and entered into the Behavioural software program ETHOM 1.0. Recorded variables were: total time each male spent following all females combined, and the total number of unsuccessful mating attempts and successful copulations. Total # of mating attempts included both unsuccessful mating attempts and successful copulations. Burst swimming performance was assessed by filming at least five startle responses for each individual with a high-speed digital camera. Swimming responses were elicited by tapping the side of the tank. Swimming sequences were filmed by recording the image at an angle of 90° below the glass-bottomed aquarium. The Redlake software packaged was used for analysis of the startle responses. Sequences were replayed frame by frame and the centre region of the head was digitized. The distance moved by individual fish between each successive frame for each startle response sequence was determined, followed by  instantaneous measures of velocity. The fastest of the swimming sequences analysed for each individual was used as a measure of its maximum burst swimming performance. Effects of temperature on the speeds of males during copulation attempts were also examined: individual males were placed into the same filming arena with two adult females, and their mating behaviour was recorded. Distance moved by each male between each frame during mating attempts was determined. Velocity measurements were based on the digitization of the centre point of the head for each male. Maximal approach speed was calculated bu taking the maximum instantaneous speed recorded during each sequence. For these swimming trials, 10 fish were observed at each temperature (n = 70)."
reproduction,development-rate,1/days,"The speed at which an embryo develops from fertilization to hatching, measured as the reciprocal of time to hatching",autonomic,population,,,,"Eggs from each cross were pooled (60–130 per pool) and incubated in Petri dishes (2–6 per temperature) with dechlorinated water and a fungicide, across temperatures from 15–36 °C (3 °C increments) under a 12L:12D cycle. Water was changed daily, with brief air exposure to trigger hatching when embryos reached stages 32–36. Dishes were checked twice daily for embryo viability and hatching. Hatched larvae were euthanized, fixed in formalin, and stored in ethanol at 4 °C for later analysis."
reproduction,gonadosomatic-index,%,The proportion of body mass comprised of gonadal tissue,autonomic,population,,,,"One month before the start of the experiments, mature females were placed in a 400 l aquarium and maintained under standard conditions (food: ad libitum and temp 30°C). The fish were not fed for two days prior to the start of the experiment and on the last day of the experiment, so that gut contents would not affect true body weights. The experiments were run for 30 days. Individual treatments in the experiment were 18, 20, 23, 25 & 27 °C. Upon termination of the experiments, the fish were sacrificed with an overdose of MS-222 (tricaine methane sulfonate) and were weighed with and without their ovaries. Ovary weight was calculated as the difference between the two weights (this method is preferable for determining the weight of small ovaries). The gonado-somatic index (GSI = gonad weight/bodyweight  100) was calculated for each fish and group averages were calculated for each treatment."
reproduction,proportion-hatched,%,The proportion of fertilized eggs that successfully hatch into larvae,autonomic,population,,,,"Eggs were incubated in 10 thermostatically controlled water baths at 10 con- stant temperatures from 6 to 24’ C (2 oC intervals). The daily deviation from the selected temperature never exceeded 0.2”C. Each bath contained live glass jars of 300 ml. Eggs were obtained from a ripe (eggs run with slight pressure) female caught in Lake Constance in May 1991 and fertilized by the dry method (cf. Craig, 1987 ) with the milt of two males. The egg strand was cut into subsamples of 76-125 eggs. Each subsample was first placed into a jar which stood in the baths of 10 or 12 oC, and then each jar was repeatedly transferred to the next bath with 2 oC higher or lower temperature at 5- 10 min. intervals until the final tem- perature was reached. Four jars in each bath were used to estimate the hatch rate. The fifth jar in each bath contained about 200 eggs, which were used to observe the embryonic development throughout the incubation period and to determine the total lengths of larvae at mass hatching (50% hatching). Water was renewed twice a day and continuous aeration was supplied by Pasteur pipettes. When over 90% of the embryos had hatched, they were counted and expressed as a percent- age of the egg number counted previously, i.e. hatch rate. The hatched larvae were transfered to a 500 ml jar to observe the swim-up stage."
reproduction,maximum-approach-to-female-speed,cm/s,Highest instantaneous swimming speed exhibited by a male during an approach toward a female during a mating attempt,positive,population,,,,"Mating and swimming trials were conducted at 14, 18, 22, 26, 30, 34, and 38°C, with individual fish used for only one performance measure (mating or swimming) at one temperature. Experimental fish were exposed to an acute change in temperature at a rate that did not exceed 4°C/h. Swimming/mating performance was assessed at least 10 min (no more than 1h) after the test temperature was reached to ensure that the animals had equilibrated with the aquarium temperature. Mating behaviour of each male was assessed during a 10-min observation period. During this time, the male was in an aquarium containing six mature females. Separate groups of sex female G holbrooki with total body lengths of 3.7 -- 4.5 cm were selected for each male observation period. Groups of six were chosen to ensure that females were not stressed and no single female was continuously harassed. Only nonvirgin females that had not given birth during the previous 5 days were used, since postpartum females may affect male behaviour. Before observations, females were allowed to settle in the observation tank for 30 minutes prior to the introduction of the male fish. Males were randomly selected from host tanks. The observation period was started when the male first began to follow one of the females. During the observation period, several mating behaviours were recorded and entered into the Behavioural software program ETHOM 1.0. Recorded variables were: total time each male spent following all females combined, and the total number of unsuccessful mating attempts and successful copulations. Total # of mating attempts included both unsuccessful mating attempts and successful copulations. Burst swimming performance was assessed by filming at least five startle responses for each individual with a high-speed digital camera. Swimming responses were elicited by tapping the side of the tank. Swimming sequences were filmed by recording the image at an angle of 90° below the glass-bottomed aquarium. The Redlake software packaged was used for analysis of the startle responses. Sequences were replayed frame by frame and the centre region of the head was digitized. The distance moved by individual fish between each successive frame for each startle response sequence was determined, followed by  instantaneous measures of velocity. The fastest of the swimming sequences analysed for each individual was used as a measure of its maximum burst swimming performance. Effects of temperature on the speeds of males during copulation attempts were also examined: individual males were placed into the same filming arena with two adult females, and their mating behaviour was recorded. Distance moved by each male between each frame during mating attempts was determined. Velocity measurements were based on the digitization of the centre point of the head for each male. Maximal approach speed was calculated bu taking the maximum instantaneous speed recorded during each sequence. For these swimming trials, 10 fish were observed at each temperature (n = 70)."
reproduction,mating-attempt-rate,attempts/10min,"The total number of copulation attempts, both successful and unsuccessful, over 10 minutes",positive,population,,,,"Mating and swimming trials were conducted at 14, 18, 22, 26, 30, 34, and 38°C, with individual fish used for only one performance measure (mating or swimming) at one temperature. Experimental fish were exposed to an acute change in temperature at a rate that did not exceed 4°C/h. Swimming/mating performance was assessed at least 10 min (no more than 1h) after the test temperature was reached to ensure that the animals had equilibrated with the aquarium temperature. Mating behaviour of each male was assessed during a 10-min observation period. During this time, the male was in an aquarium containing six mature females. Separate groups of sex female G holbrooki with total body lengths of 3.7 -- 4.5 cm were selected for each male observation period. Groups of six were chosen to ensure that females were not stressed and no single female was continuously harassed. Only nonvirgin females that had not given birth during the previous 5 days were used, since postpartum females may affect male behaviour. Before observations, females were allowed to settle in the observation tank for 30 minutes prior to the introduction of the male fish. Males were randomly selected from host tanks. The observation period was started when the male first began to follow one of the females. During the observation period, several mating behaviours were recorded and entered into the Behavioural software program ETHOM 1.0. Recorded variables were: total time each male spent following all females combined, and the total number of unsuccessful mating attempts and successful copulations. Total # of mating attempts included both unsuccessful mating attempts and successful copulations. Burst swimming performance was assessed by filming at least five startle responses for each individual with a high-speed digital camera. Swimming responses were elicited by tapping the side of the tank. Swimming sequences were filmed by recording the image at an angle of 90° below the glass-bottomed aquarium. The Redlake software packaged was used for analysis of the startle responses. Sequences were replayed frame by frame and the centre region of the head was digitized. The distance moved by individual fish between each successive frame for each startle response sequence was determined, followed by  instantaneous measures of velocity. The fastest of the swimming sequences analysed for each individual was used as a measure of its maximum burst swimming performance. Effects of temperature on the speeds of males during copulation attempts were also examined: individual males were placed into the same filming arena with two adult females, and their mating behaviour was recorded. Distance moved by each male between each frame during mating attempts was determined. Velocity measurements were based on the digitization of the centre point of the head for each male. Maximal approach speed was calculated bu taking the maximum instantaneous speed recorded during each sequence. For these swimming trials, 10 fish were observed at each temperature (n = 70)."
reproduction,swim-up-rate,%,"The proportion of newly hatched larvae that successfully rise to the water surface (swim-up stage), calculated as the number of larvae reaching the swim-up stage divided by the total number of hatched larvae",autonomic,population,,,,"Eggs were incubated in 10 thermostatically controlled water baths at 10 con- stant temperatures from 6 to 24’ C (2 oC intervals). The daily deviation from the selected temperature never exceeded 0.2”C. Each bath contained live glass jars of 300 ml. Eggs were obtained from a ripe (eggs run with slight pressure) female caught in Lake Constance in May 1991 and fertilized by the dry method (cf. Craig, 1987 ) with the milt of two males. The egg strand was cut into subsamples of 76-125 eggs. Each subsample was first placed into a jar which stood in the baths of 10 or 12 oC, and then each jar was repeatedly transferred to the next bath with 2 oC higher or lower temperature at 5- 10 min. intervals until the final tem- perature was reached. Four jars in each bath were used to estimate the hatch rate. The fifth jar in each bath contained about 200 eggs, which were used to observe the embryonic development throughout the incubation period and to determine the total lengths of larvae at mass hatching (50% hatching). Water was renewed twice a day and continuous aeration was supplied by Pasteur pipettes. When over 90% of the embryos had hatched, they were counted and expressed as a percent- age of the egg number counted previously, i.e. hatch rate. The hatched larvae were transfered to a 500 ml jar to observe the swim-up stage."
,,,,,,,,,
metabolism,relative-aerobic-scope,%,The aerobic scope (MMR – SMR) expressed as a percentage of the maximum aerobic scope observed across all temperatures and body masses,voluntary,internal,,,,"SMR  = MO₂ measured in resting fish over last 12 h of 48-h intermittent-flow respirometry; MMR = Highest MO₂ recorded immediately after exhaustive exercise (chase 5–7 min, shorter at 20 °C). The change in the metabolic scope of activity (MS) in relation to temperature in 50, 200 and 450 g Atlantic cod, described as % of the maximum MS measured."
metabolism,maximum-metabolism,mgO2/kg/hr; µmol/g/hr; mgO2/kg/min; mgO2/g/hr; mgO2/kg/hr; mgO2/min/65g; µmol/ (min*g); mgO2/kg/hr,"The maximum rate of oxygen consumption measured following exhaustive exercise, sometimes mass adjusted",negative,internal,,,,"The maximum level of oxygen consumption observed after strenuous swimming activity by cod was taken as a measure of their active metabolic rate.   Unfed acclimated fish were chased witha net inside a large tank until they refused to move or to show any further response to the net. They were then transferred to a respirometer, and the peak oxygen consumption measured following the period of heavy exercise.   The rate of oxygen consumption of the cod increased after strenuous activity, reaching a peak generally 2 h later and remained high for maximum of 2-3 h, thereafter declining."
metabolism,aerobic-scope,mgO2/kg/hr; mgO2/kg/min; µmol/g/hr; mgO2/min; mgO2/g/hr; mgO2/min/65g; µmol/ (min*g); µmol/min/g; mg/h; mL/hr; mgO2/kg/hr; mgO2/hr; mgO2/kg/hr,"The difference between the maximum (active) metabolic rate and the standard (resting) metabolic rate of an individual, representing the total capacity for aerobic activity above maintenance metabolism. Sometimes mass adjusted",voluntary,internal,,,,NA
metabolism,excess-post-excercise-oxygen-consumption,mg/kg,The total oxygen consumed above the pre-exercise baseline during recovery following exhaustive exercise,voluntary,internal,,,,"The fish were placed in the respirometer chamber and were allowed to acclimate for 1 day before the experiment. The preexercise MO2 was then measured. The fish were removed from the chambers and exercised by chasing them manually for 5–10 min until they were exhausted in a circular container (the outside diameter was 104 cm, and the inside diameter was 56 cm; the maximal water speed was approximately 80 cm s-1). Following exercise, the fish were returned to the chambers. The MO2 was measured at 1, 2, 3, 4, 5, 6, 7, 8, 9, 10, 15, 20, 25, 30, 35, 40, 45, 50, 55 and 60 min post-exercise. The pre-exercise MO2 was defined as the oxygen consumption before exercise; the MO2peak was defined as the observed maximum MO2 during the exercise recovery process; duration was defined as the time from exercise to when post-exercise MO2 was not significantly different from pre-exercise MO2; and the EPOC magnitude was determined to be the excess oxygen consumption above the pre-exercise MO2 during the recovery process. When the first EPOC (EPOC1) was complete, fish was chased individually to exhaustive again, and the second EPOC (EPOC2) was immediately measured. Therefore, the recovery period of EPOC2 was also 60 min. The same method that was used for EPOC1 was used for EPOC1"
metabolism,mitochondrial-respiration,ratio,"Rate at which mitochondria consume oxygen to support electron transport and ATP production, reported as a ratio of consumed o2/produced ATP",autonomic,internal,,,,"treated with difference co2 concentrations during egg stage, then grew in different temperatures "
metabolism,repeat-excess-post-excercise-oxygen-consumption,mg/kg,The total oxygen consumed above pre-exercise levels during recovery following a second exhaustive exercise bout directly after the first,negative,internal,,,,"The fish were placed in the respirometer chamber and were allowed to acclimate for 1 day before the experiment. The preexercise MO2 was then measured. The fish were removed from the chambers and exercised by chasing them manually for 5–10 min until they were exhausted in a circular container (the outside diameter was 104 cm, and the inside diameter was 56 cm; the maximal water speed was approximately 80 cm s-1). Following exercise, the fish were returned to the chambers. The MO2 was measured at 1, 2, 3, 4, 5, 6, 7, 8, 9, 10, 15, 20, 25, 30, 35, 40, 45, 50, 55 and 60 min post-exercise. The pre-exercise MO2 was defined as the oxygen consumption before exercise; the MO2peak was defined as the observed maximum MO2 during the exercise recovery process; duration was defined as the time from exercise to when post-exercise MO2 was not significantly different from pre-exercise MO2; and the EPOC magnitude was determined to be the excess oxygen consumption above the pre-exercise MO2 during the recovery process. When the first EPOC (EPOC1) was complete, fish was chased individually to exhaustive again, and the second EPOC (EPOC2) was immediately measured. Therefore, the recovery period of EPOC2 was also 60 min. The same method that was used for EPOC1 was used for EPOC1"
metabolism,routine-metabolism,mL/hr; µmol/g/hr; mgO2/g/hr,"The rate of oxygen consumption of an organism under typical, unstressed conditions that allow normal activity, reflecting energy use for routine physiological processes.",autonomic,internal,,,,Routine metabolic rate was assessed prior to burst swimming speed to minimise stress and to reduce error in metabolic rate samples. Fish were placed in darkened (black plastic covered) 350-mL respirometers for 1 h within a water bath set at the daily test temperature prior to the start of testing to allow the fish’s metabolic rates to stabilise. Oxygen consumption was then measured in the following hour using a PreSens Fibox 4 (POF-L2.5-1). A polymer optical fibre and oxygen minisensor spots (batch ID—140117-001) were used to measure the decrease in per cent air saturation within the respirometer. Control measures were taken from respirometers full of sea water (no fish) to detect for any microorganism metabolic activity or oxygen production occurring within the testing water that may affect results. 
metabolism,routine-metabolism-ramping,mgO2/g/hr,The rate of oxygen consumption of an organism under routine activity levels while experiencing a consistent gradual change in temperature.,autonomic,internal,,,,"After SMR measurement, each fish underwent a thermal ramping test starting from its acclimation temperature. Water temperature was increased at 4 °C h⁻¹ and monitored continuously. At every 1 °C increment, routine metabolic rate (RMR) was measured over a 3–5 min cycle. Ramping continued until loss of equilibrium for ≥10 s"
metabolism,scope-for-growth,J/day,"The net energy available for growth in an individual, calculated as the difference between energy absorbed from food and energy expended through metabolism",voluntary,internal,,,,NA
metabolism,specific-daily-metabolic-demand,%bodywt/day,"The daily energy requirement of an individual fish, expressed relative to body mass (% body weight per day).",autonomic,internal,,,,NA
metabolism,resting-metabolism,mgO2/g/hr; mgO2/kg/hr; µmol/ (min*g); nmol/ind/hr; mgO2/kg/min; mgO2/kg^0.79/hr; mgO2/min/65g,"The minimum oxygen consumption rate of an inactive, post-absorptive fish, calculated as the mean of the lowest 10–20% of stable MO₂ measurements recorded after full recovery from handling or exercise",autonomic,internal,,,,"Following the growth trial, each fish underwent automated intermittent-flow respirometry to measure oxygen consumption (ṀO₂). Four fish were tested simultaneously; measurements occurred over ~20 h per run, with cycling of temperature treatments to minimize timing biases. ṀO₂ was calculated from declines in chamber O₂ concentration during 4–8 min measurement cycles, with 1-min flush periods maintaining >80% air saturation. After MMR measurements, fish remained in chambers overnight (>16 h). SMR was calculated as the mean of the lowest 10% of ṀO₂ values, using only measurement cycles with R² > 0.95 for O₂ decline."
metabolism,embryonic-metabolism,nmol/ind/hr,Oxygen consumption rate of embryos,autonomic,internal,,,,"treated with difference co2 concentrations during egg stage, then grew in different temperatures "
,,,,,,,,,
somatic growth,absolute-growth-rate-length,mm/day,"The average daily increase in length, calculated as the difference between final and initial length over time",autonomic,individual,,,,
somatic growth,absolute-growth-rate-mass,g/day; mg/day; %/day,"The average daily increase in body mass, calculated as the difference between final and initial mass over time. This includes simple linear gains in mass as well as measures expressed relative to initial mass (percent gain per day) when logarithmic is not applied. ",autonomic,individual,,,,
somatic growth,specific-growth-rate-length,mm/day; %growth-length/day; cm/day; %totallength/day,"The instantaneous, size-standardized rate of increase in body length",autonomic,individual,,,,NA
somatic growth,growth-efficiency,%dry weight,The proportion of ingested food that is converted into somatic growth,autonomic,internal,,,,NA
somatic growth,specific-growth-rate-mass,%per-day; %-wet-weight/day; %bodymass/day; % initial weight/day,"The instantaneous, size-standardized rate of increase in body weight, using log ratio approach",autonomic,individual,,,,"growth of juveniles was estimated in terms of increase in wet weight. The young were anesthetized with MS-222 (tricaine methanesulfonate, Sigma Chemical Co.), allowed to drip dry in a net for 10 s, weighed individually to the nearest 0.01 g, and immediately returned to their respective tanks. In Experiment 1 fish were weighed once a week, except for week 11; in Experiments 2 and 3, fish were weighed once every 2 weeks. The change in weighing schedule was adopted to reduce the stress associated with handling. A sample of fish from each experimental group was dried at 70°C for 24 h at the beginning of each experiment to determine moisture content for use in adjusting rations."
somatic growth,energy-based-growth-rate,J/g/day,Absolute gain in energy content per unit mass per day,autonomic,individual,,,(gain or loss in energy content in J/day)/initial live weight of fish in g),"Individual fish were fed on a diet of fresh pieces of chopped goat liver once a day for 2 h at 0900 h and 1100 h, ad libitum. Before the commencement of the experiment, the starved, live fish were weighed individually and introduced into the medium. To calculate the initial dry weight of the fish of each species, ten well acclimated fish of same weight group were individually weighed and dried in a hot air oven at 90°C for a period of 24 h to constant weight. To calculate the initial dry weight of the food, goat liver pieces were weighed in a wet condition and dried in a hot air oven at 90°C for 24 h. The feeding trial experiment was conducted for a period of 30 days. In all the experiments, the medium was changed daily. At the time of renewal, the faeces were siphoned out using a rubber tube, fixed in the aquarium with the least disturbance to the fish, and collected separately. They were dried to constant weight and the same procedures were adopted during the experimental periods.  growth rate = This was the difference between the initial and final energy content of the test fish."
somatic growth,early-life-growth-rate-length,mm/day,"The average daily increase in body length of an individual during early developmental stages, measured over a defined period (from fertilization to hatching for embryos, or from hatching through the first few days for larvae)",autonomic,individual,,,,
somatic growth,otolith-specific-growth-rate,%/day,"The daily relative increase in otolith size, calculated as the change in otolith dimension (radius or length) relative to its initial size",autonomic,individual,,,,"Live eels were captured over a 5-day period and kept in a holding facility at 10°C. They were not fed during holding. Then, they were flown to the university laboratory and held at 10°C for 2 days to recover from transport-induced stress. Eels were randomly distributed in 10 tanks, each containing 200 eels.  Each of these tanks represented one test temperature.Temp treatments ranged from 10 to 37C by 3 degree increments. The eels were acclimated to these rearing temperatures at a rate of 3°C every 48 h. Fish were fed ad libitum. Fish were held at these temps for the duration of the growth study (32 weeks). All fish in the 37°C treatment died."
somatic growth,standardized-growth,%,"Growth rate adjusted to remove the effect of body size. Unlike absolute growth rate, it accounts for differences in initial weight, and unlike specific growth rate, it uses a scaling factor ( a power of body mass) to make growth comparable across individuals of different sizes (Ostrovsky, 1995).",autonomic,individual,,,,NA
somatic growth,tank-specific-growth-rate,,"Average specific growth rate of all fish within a single tank, calculated from the change in total biomass mass over time",autonomic,individual,,,,"For each species, fish were initially measured and stocked into experimental tanks at a density of three individuals/tank. The size range of fish used in the experiments was purposely restricted to focus on the effects of temperature rather than size-dependent growth. After establishment of experimental groups, temperatures were adjusted to treatment temperatures (0, 5, 9, and 16 °C) at a rate of 1.5 °C per day. Replicate tanks (n = 2) of each temperature treatment (n = 4) were assigned for each species (n = 4) to comprise a total of 32 tanks. At week 2 following the acclimation period, fish were weighed to the nearest 0.01 g (wet mass) and measured to the nearest 1 mm (SL) to establish ‘time 0’ for the growth experiment. After measurement, all fish were returned to their original tank and remeasured in the same manner at week 4 (period week 2–week 4) and again at week 6 (period week 4week 6) of the experiment to assess growth. At the end of the experiment, an additional 20 °C trial was conducted for species able to survive and maintain growth at 16 °C during the initial experiment. Fish used for the 20 °C trial were sourced from general holding tanks and had not been used in the original growth experiment. Specific growth rates based on mass of juvenile fish were determined. SGR = 100 - (e^g - 1), where g = ln(WW2) - ln(WW1)/ (t2 - t1). The same approach was used to calculate mean tank growth based on total tank biomass. Notable deviations in the two growth metrics can be an indicator of growth suppression due to social interactions within the tank."
somatic growth,weight-gained,g,"Total increase in body mass, calculated as the difference between final and initial mass",autonomic,individual,,,,"A completely randomized experimental design with one tested factor (univariate) was used in this study. The tested factor was differences in water temperature at five levels, modified from Hassanen et al. (2014), namely; 24, 26, 28, 30 and 32 °C. Each temperature treatment was conducted with three replications. During the procedure, a fish was taken randomly one at a time from the acclimatized tank and measured for initial length and weight, then stocked into 15 plastic containers (45 cm x 35 cm x 30 cm in size) with 5 L of water at a stocking density of 15 fish per container. Fish were exposed to different water temperatures for 14 days."
somatic growth,yolk-utilization-rate,mm^2/day,How fast the larva is using up its yolk to grow? (rate at which yolk reserves are consumed to support early larval growth),autonomic,internal,,,,"Daily growth and yolk utilization rate (YUR) were measured from the change in larval notochord length and yolk sac area from each hatch day to the corresponding 4 DPH divided by larval notochord length and yolk sac area on the respective hatch day (Trippel et al., 2005). Yolk utilization efficiency (YUE) was measured by dividing the increase in LN from each hatch day to the corresponding 4 DPH by the corre- sponding decrease in AY (Rideout et al., 2004)."
somatic growth,relative-growth-rate,%,"The proportional increase in body mass over a given time period, expressed as a percentage of the initial body mass per day.",autonomic,individual,,,,
,,,,,,,,,
survival,recMMR50,mins,Time required for 50% mortality to occur following a standardized maximal metabolic rate (MMR) challenge,negative,population,,,,
survival,survival,%; Number of fish,The proportion or total number of fish remaining alive at the end of the observation period,autonomic,population,,,,
,,,,,,,,,
Locomotion,activity,grids/30s,"Voluntary locomotor activity per unit time, often measured as movement over grids in video frames per unit time",voluntary,individual,,,,
Locomotion,burst-swim-speed,m/s; cm/s,The maximum short-duration swimming velocity during an escape or startle response,negative,individual,,,,
Locomotion,constant-acceleration,cm/s,The maximum velocity while swimming against a continuously increasing current until exhaustion,negative,individual,,,,
Locomotion,critical-swimming-speed,"BL/s, cm/s","The maximum sustained swimming speed under a stepwise increasing water velocity protocol, sometimes normalized by body size",negative,individual,,,,
Locomotion,max-acceleration-escape-response,m/s^2; s^2,"Highest instantaneous rate of increase in velocity achieved during a stimulus-evoked escape (C-start) response, sometimes normalized by body size",negative,individual,,,,
Locomotion,max-angular-acceleration-escape-response,°/s^2,Highest instantaneous rate of change in body orientation (turning rate) achieved during a stimulus-evoked escape (C-start) response,negative,individual,,,,
Locomotion,max-angular-velocity-escape-response,°/s; rad/s,Maximum angular velocity achieved during a stimulus-evoked escape (C-start) response,negative,individual,,,,
Locomotion,maximum-swimming-speed,FL/s; cm/s; m/s; BL/s,"Maximum instantaneous velocity fatigue or loss of position occurs, sometimes normalized by body size",negative,individual,,,,
Locomotion,optimal-swimming-speed,BL/s,The swimming speed a fish can maintain at which its energy expenditure per unit distance is minimized,positive,individual,,,,
Locomotion,pectoral-beat-frequency,Hz,The number of pectoral fin strokes per second when a fish swims at its maximum speed using primarily pectoral-fin propulsion (labriform swimming),negative,individual,,,,
Locomotion,recovery-ratio,%,The proportion of maximum swimming performance a fish recovers after a brief rest following exhaustion,autonomic,individual,,,,
Locomotion,repeat-constant-acceleration,cm/s,The maximum velocity while swimming against a continuously increasing current until exhaustion following a standardized recovery period after an initial UCAT test ,negative,individual,,,,
Locomotion,routine-swimming-speed,cm/s; BL/s,"The average swimming speed of an individual during routine, voluntary activity",voluntary,individual,,,,
Locomotion,tail-beat-frequency,Hz,The number of lateral tail oscillations per second when a fish is swimming at its maximum speed,negative,individual,,,,
Locomotion,u-gait,BL/s,"The swimming speed at which a fish transitions from steady, aerobically supported swimming to burst-and-coast (anaerobic) swimming",negative,individual,,,,