"","n_unique_temps","curve_ID","study_ID","species_ID","given_trait_name","Trait.Group","Trait.motivation","organization","curve_type","land_or_sea","abs_latitude","habitat_water","dataset_type","topt_TF","thermal_min_TF","thermal_max_TF","increasing_side_TF","decreasing_side_TF","n_unique_temps_capped"
"1",4,1,"1_0008","SP7","routine-metabolism","Metabolism","autonomic","internal","batch-acclim","oceanic",54.4833,"marine","unbounded_increasing",FALSE,FALSE,FALSE,TRUE,FALSE,"4"
"2",4,111,"1_0009","SP8","critical-swimming-speed","Locomotion","negative","individual","batch-acclim","terrestrial",34.872548,"freshwater","irregular",FALSE,FALSE,FALSE,FALSE,FALSE,"4"
"3",4,222,"1_0009","SP8","resting-metabolism","Metabolism","autonomic","internal","batch-acclim","terrestrial",34.872548,"freshwater","unbounded_increasing",FALSE,FALSE,FALSE,TRUE,FALSE,"4"
"4",4,333,"1_0009","SP8","maximum-metabolism","Metabolism","negative","internal","batch-acclim","terrestrial",34.872548,"freshwater","unbounded_increasing",FALSE,FALSE,FALSE,TRUE,FALSE,"4"
"5",4,361,"1_0009","SP8","aerobic-scope","Metabolism","voluntary","internal","batch-acclim","terrestrial",34.872548,"freshwater","irregular",FALSE,FALSE,FALSE,FALSE,FALSE,"4"
"6",4,372,"1_0011","SP10","critical-swimming-speed","Locomotion","negative","individual","batch-acclim","terrestrial",27.7,"freshwater","unbounded_increasing",FALSE,FALSE,FALSE,TRUE,FALSE,"4"
"7",4,405,"1_0011","SP10","critical-swimming-speed","Locomotion","negative","individual","batch-acclim","terrestrial",27.7,"freshwater","unbounded_increasing",FALSE,FALSE,FALSE,TRUE,FALSE,"4"
"8",4,383,"1_0011","SP10","maximum-swimming-speed","Locomotion","negative","individual","batch-acclim","terrestrial",27.7,"freshwater","unbounded_increasing",FALSE,FALSE,FALSE,TRUE,FALSE,"4"
"9",4,2,"1_0011","SP10","maximum-swimming-speed","Locomotion","negative","individual","batch-acclim","terrestrial",27.7,"freshwater","unbounded_increasing",FALSE,FALSE,FALSE,TRUE,FALSE,"4"
"10",4,13,"1_0011","SP10","tail-beat-frequency","Locomotion","negative","individual","batch-acclim","terrestrial",27.7,"freshwater","unbounded_increasing",FALSE,FALSE,FALSE,TRUE,FALSE,"4"
"11",4,394,"1_0011","SP10","routine-metabolism","Metabolism","autonomic","internal","batch-acclim","terrestrial",27.7,"freshwater","unbounded_increasing",FALSE,FALSE,FALSE,TRUE,FALSE,"4"
"12",4,24,"1_0013","SP12","prey-capture-rate","Energy Aquisition","positive","interaction","batch-acclim","terrestrial",55.576349,"freshwater","unbounded_increasing",FALSE,FALSE,FALSE,TRUE,FALSE,"4"
"13",4,35,"1_0013","SP12","prey-capture-rate","Energy Aquisition","positive","interaction","batch-acclim","terrestrial",55.576349,"freshwater","unbounded_increasing",FALSE,FALSE,FALSE,TRUE,FALSE,"4"
"14",4,46,"1_0013","SP12","prey-capture-rate","Energy Aquisition","positive","interaction","batch-acclim","terrestrial",55.576349,"freshwater","unbounded_increasing",FALSE,FALSE,FALSE,TRUE,FALSE,"4"
"15",4,57,"1_0013","SP12","prey-capture-rate","Energy Aquisition","positive","interaction","batch-acclim","terrestrial",55.576349,"freshwater","unbounded_increasing",FALSE,FALSE,FALSE,TRUE,FALSE,"4"
"16",4,68,"1_0013","SP12","prey-capture-rate","Energy Aquisition","positive","interaction","batch-acclim","terrestrial",55.576349,"freshwater","unbounded_increasing",FALSE,FALSE,FALSE,TRUE,FALSE,"4"
"17",4,79,"1_0013","SP12","prey-capture-rate","Energy Aquisition","positive","interaction","batch-acclim","terrestrial",55.576349,"freshwater","unbounded_increasing",FALSE,FALSE,FALSE,TRUE,FALSE,"4"
"18",4,101,"1_0013","SP13","prey-capture-rate","Energy Aquisition","positive","interaction","batch-acclim","terrestrial",55.576349,"freshwater","unbounded_increasing",FALSE,FALSE,FALSE,TRUE,FALSE,"4"
"19",4,112,"1_0013","SP13","prey-capture-rate","Energy Aquisition","positive","interaction","batch-acclim","terrestrial",55.576349,"freshwater","unbounded_increasing",FALSE,FALSE,FALSE,TRUE,FALSE,"4"
"20",4,123,"1_0013","SP13","prey-capture-rate","Energy Aquisition","positive","interaction","batch-acclim","terrestrial",55.576349,"freshwater","unbounded_increasing",FALSE,FALSE,FALSE,TRUE,FALSE,"4"
"21",4,134,"1_0013","SP13","prey-capture-rate","Energy Aquisition","positive","interaction","batch-acclim","terrestrial",55.576349,"freshwater","unbounded_increasing",FALSE,FALSE,FALSE,TRUE,FALSE,"4"
"22",4,145,"1_0013","SP13","prey-capture-rate","Energy Aquisition","positive","interaction","batch-acclim","terrestrial",55.576349,"freshwater","unbounded_increasing",FALSE,FALSE,FALSE,TRUE,FALSE,"4"
"23",4,156,"1_0013","SP13","prey-capture-rate","Energy Aquisition","positive","interaction","batch-acclim","terrestrial",55.576349,"freshwater","unbounded_increasing",FALSE,FALSE,FALSE,TRUE,FALSE,"4"
"24",4,90,"1_0013","SP12","routine-swimming-speed","Locomotion","voluntary","individual","batch-acclim","terrestrial",55.576349,"freshwater","unbounded_increasing",FALSE,FALSE,FALSE,TRUE,FALSE,"4"
"25",4,167,"1_0013","SP13","routine-swimming-speed","Locomotion","voluntary","individual","batch-acclim","terrestrial",55.576349,"freshwater","unbounded_increasing",FALSE,FALSE,FALSE,TRUE,FALSE,"4"
"26",7,211,"1_0019","SP19","burst-swim-speed","Locomotion","negative","individual","acute-change","oceanic",27.6,"marine","topt",TRUE,FALSE,FALSE,FALSE,FALSE,"7+"
"27",7,234,"1_0019","SP19","mating-attempt-rate","Reproduction","positive","population","acute-change","oceanic",27.6,"marine","unbounded_increasing",FALSE,FALSE,FALSE,TRUE,FALSE,"7+"
"28",7,223,"1_0019","SP19","mating-rate","Reproduction","positive","population","acute-change","oceanic",27.6,"marine","irregular",FALSE,FALSE,FALSE,FALSE,FALSE,"7+"
"29",7,178,"1_0019","SP19","mating-efficiency","Reproduction","positive","population","acute-change","oceanic",27.6,"marine","irregular",FALSE,FALSE,FALSE,FALSE,FALSE,"7+"
"30",7,189,"1_0019","SP19","mating-rate","Reproduction","positive","population","acute-change","oceanic",27.6,"marine","irregular",FALSE,FALSE,FALSE,FALSE,FALSE,"7+"
"31",6,200,"1_0019","SP19","maximum-approach-to-female-speed","Reproduction","positive","population","acute-change","oceanic",27.6,"marine","topt",TRUE,FALSE,FALSE,FALSE,FALSE,"6"
"32",5,245,"1_0031","SP30","prey-consumption","Energy Aquisition","positive","interaction","acute-change","terrestrial",32.005917,"brackish","unbounded_increasing",FALSE,FALSE,FALSE,TRUE,FALSE,"5"
"33",9,256,"1_0033","SP33","specific-growth-rate-length","Somatic Growth","autonomic","individual","batch-acclim","terrestrial",45.077397,"freshwater","full_curve",TRUE,TRUE,TRUE,TRUE,TRUE,"7+"
"34",9,278,"1_0033","SP33","specific-growth-rate-mass","Somatic Growth","autonomic","individual","batch-acclim","terrestrial",45.077397,"freshwater","topt",TRUE,FALSE,FALSE,FALSE,FALSE,"7+"
"35",9,267,"1_0033","SP33","otolith-specific-growth-rate","Somatic Growth","autonomic","individual","batch-acclim","terrestrial",45.077397,"freshwater","topt",TRUE,FALSE,FALSE,FALSE,FALSE,"7+"
"36",5,353,"1_0037","SP13","routine-swimming-speed","Locomotion","voluntary","individual","acute-change","terrestrial",48.598197,"freshwater","irregular",FALSE,FALSE,FALSE,FALSE,FALSE,"5"
"37",5,332,"1_0037","SP13","routine-swimming-speed","Locomotion","voluntary","individual","acute-change","terrestrial",48.598197,"freshwater","irregular",FALSE,FALSE,FALSE,FALSE,FALSE,"5"
"38",5,355,"1_0037","SP13","routine-swimming-speed","Locomotion","voluntary","individual","acute-change","terrestrial",48.598197,"freshwater","irregular",FALSE,FALSE,FALSE,FALSE,FALSE,"5"
"39",5,352,"1_0037","SP13","routine-swimming-speed","Locomotion","voluntary","individual","acute-change","terrestrial",48.598197,"freshwater","unbounded_increasing",FALSE,FALSE,FALSE,TRUE,FALSE,"5"
"40",5,354,"1_0037","SP13","routine-swimming-speed","Locomotion","voluntary","individual","acute-change","terrestrial",48.598197,"freshwater","irregular",FALSE,FALSE,FALSE,FALSE,FALSE,"5"
"41",5,344,"1_0037","SP13","routine-swimming-speed","Locomotion","voluntary","individual","acute-change","terrestrial",48.598197,"freshwater","unbounded_increasing",FALSE,FALSE,FALSE,TRUE,FALSE,"5"
"42",6,289,"1_0037","SP13","specific-growth-rate-mass","Somatic Growth","autonomic","individual","acute-change","terrestrial",48.598197,"freshwater","left_bound_withopt",TRUE,TRUE,FALSE,TRUE,FALSE,"6"
"43",6,300,"1_0037","SP13","specific-growth-rate-mass","Somatic Growth","autonomic","individual","acute-change","terrestrial",48.598197,"freshwater","left_bound_withopt",TRUE,TRUE,FALSE,TRUE,FALSE,"6"
"44",6,311,"1_0037","SP13","specific-growth-rate-mass","Somatic Growth","autonomic","individual","acute-change","terrestrial",48.598197,"freshwater","left_bound_withopt",TRUE,TRUE,FALSE,TRUE,FALSE,"6"
"45",6,359,"1_0037","SP13","specific-growth-rate-mass","Somatic Growth","autonomic","individual","batch-acclim","terrestrial",48.598197,"freshwater","full_curve",TRUE,TRUE,TRUE,TRUE,TRUE,"6"
"46",6,356,"1_0037","SP13","conversion-efficiency","Energy Aquisition","autonomic","internal","batch-acclim","terrestrial",48.598197,"freshwater","irregular",FALSE,FALSE,FALSE,FALSE,FALSE,"6"
"47",5,357,"1_0037","SP13","conversion-efficiency","Energy Aquisition","autonomic","internal","batch-acclim","terrestrial",48.598197,"freshwater","irregular",FALSE,FALSE,FALSE,FALSE,FALSE,"5"
"48",4,358,"1_0037","SP13","conversion-efficiency","Energy Aquisition","autonomic","internal","batch-acclim","terrestrial",48.598197,"freshwater","irregular",FALSE,FALSE,FALSE,FALSE,FALSE,"4"
"49",6,362,"1_0038","SP38","specific-growth-rate-mass","Somatic Growth","autonomic","individual","batch-acclim","oceanic",64.4,"marine","topt",TRUE,FALSE,FALSE,FALSE,FALSE,"6"
"50",6,360,"1_0038","SP38","growth-efficiency","Somatic Growth","autonomic","internal","batch-acclim","oceanic",64.4,"marine","unbounded_decreasing",FALSE,FALSE,FALSE,FALSE,TRUE,"6"
"51",4,363,"1_0040","SP40","specific-growth-rate-mass","Somatic Growth","autonomic","individual","batch-acclim","oceanic",39.446575,"brackish","right_bound",FALSE,FALSE,TRUE,FALSE,TRUE,"4"
"52",4,364,"1_0040","SP40","survival","Survival","autonomic","population","batch-acclim","oceanic",39.446575,"brackish","irregular",FALSE,FALSE,FALSE,FALSE,FALSE,"4"
"53",5,369,"2_0001","SP42","maximum-swimming-speed","Locomotion","negative","individual","acute-change","terrestrial",42.3,"freshwater","topt",TRUE,FALSE,FALSE,FALSE,FALSE,"5"
"54",5,368,"2_0001","SP42","maximum-swimming-speed","Locomotion","negative","individual","acute-change","terrestrial",42.3,"freshwater","topt",TRUE,FALSE,FALSE,FALSE,FALSE,"5"
"55",5,365,"2_0001","SP42","tail-beat-frequency","Locomotion","negative","individual","acute-change","terrestrial",42.3,"freshwater","topt",TRUE,FALSE,FALSE,FALSE,FALSE,"5"
"56",5,367,"2_0001","SP42","maximum-swimming-speed","Locomotion","negative","individual","acute-change","terrestrial",42.3,"freshwater","topt",TRUE,FALSE,FALSE,FALSE,FALSE,"5"
"57",5,366,"2_0001","SP42","maximum-swimming-speed","Locomotion","negative","individual","acute-change","terrestrial",42.3,"freshwater","topt",TRUE,FALSE,FALSE,FALSE,FALSE,"5"
"58",5,370,"2_0001","SP42","pectoral-beat-frequency","Locomotion","negative","individual","acute-change","terrestrial",42.3,"freshwater","topt",TRUE,FALSE,FALSE,FALSE,FALSE,"5"
"59",4,371,"2_0002","SP43","maximum-swimming-speed","Locomotion","negative","individual","batch-acclim","oceanic",35.072728,"marine","unbounded_increasing",FALSE,FALSE,FALSE,TRUE,FALSE,"4"
"60",4,373,"2_0002","SP43","tail-beat-frequency","Locomotion","negative","individual","batch-acclim","oceanic",35.072728,"marine","unbounded_increasing",FALSE,FALSE,FALSE,TRUE,FALSE,"4"
"61",4,374,"2_0004","SP44","critical-swimming-speed","Locomotion","negative","individual","batch-acclim","terrestrial",44.205442,"freshwater","unbounded_increasing",FALSE,FALSE,FALSE,TRUE,FALSE,"4"
"62",6,376,"2_0005","SP45","critical-swimming-speed","Locomotion","negative","individual","batch-acclim","oceanic",42.91278,"marine","irregular",FALSE,FALSE,FALSE,FALSE,FALSE,"6"
"63",6,375,"2_0005","SP45","critical-swimming-speed","Locomotion","negative","individual","batch-acclim","oceanic",31.12528,"marine","topt",TRUE,FALSE,FALSE,FALSE,FALSE,"6"
"64",4,377,"2_0007","SP47","critical-swimming-speed","Locomotion","negative","individual","batch-acclim","terrestrial",31.504613,"freshwater","topt",TRUE,FALSE,FALSE,FALSE,FALSE,"4"
"65",4,378,"2_0007","SP47","tail-beat-frequency","Locomotion","negative","individual","batch-acclim","terrestrial",31.504613,"freshwater","irregular",FALSE,FALSE,FALSE,FALSE,FALSE,"4"
"66",5,379,"2_0008","SP48","constant-acceleration","Locomotion","negative","individual","batch-acclim","terrestrial",29.555838,"freshwater","topt",TRUE,FALSE,FALSE,FALSE,FALSE,"5"
"67",5,382,"2_0008","SP48","repeat-constant-acceleration","Locomotion","negative","individual","batch-acclim","terrestrial",29.555838,"freshwater","topt",TRUE,FALSE,FALSE,FALSE,FALSE,"5"
"68",5,381,"2_0008","SP48","recovery-ratio","Locomotion","autonomic","individual","batch-acclim","terrestrial",29.555838,"freshwater","unbounded_decreasing",FALSE,FALSE,FALSE,FALSE,TRUE,"5"
"69",5,380,"2_0008","SP48","excess-post-excercise-oxygen-consumption","Metabolism","voluntary","internal","batch-acclim","terrestrial",29.555838,"freshwater","topt",TRUE,FALSE,FALSE,FALSE,FALSE,"5"
"70",5,384,"2_0008","SP48","repeat-excess-post-excercise-oxygen-consumption","Metabolism","negative","internal","batch-acclim","terrestrial",29.555838,"freshwater","irregular",FALSE,FALSE,FALSE,FALSE,FALSE,"5"
"71",6,385,"2_0009","SP49","specific-growth-rate-mass","Somatic Growth","autonomic","individual","batch-acclim","terrestrial",42.397823,"freshwater","topt",TRUE,FALSE,FALSE,FALSE,FALSE,"6"
"72",5,387,"2_0012","SP53","specific-growth-rate-mass","Somatic Growth","autonomic","individual","batch-acclim","terrestrial",40.17,"freshwater","full_curve",TRUE,TRUE,TRUE,TRUE,TRUE,"5"
"73",5,389,"2_0012","SP79","specific-growth-rate-mass","Somatic Growth","autonomic","individual","batch-acclim","terrestrial",40.541,"freshwater","full_curve",TRUE,TRUE,TRUE,TRUE,TRUE,"5"
"74",5,386,"2_0012","SP53","specific-growth-rate-mass","Somatic Growth","autonomic","individual","batch-acclim","terrestrial",40.256,"freshwater","full_curve",TRUE,TRUE,TRUE,TRUE,TRUE,"5"
"75",5,388,"2_0012","SP53","specific-growth-rate-mass","Somatic Growth","autonomic","individual","batch-acclim","terrestrial",39.986,"freshwater","full_curve",TRUE,TRUE,TRUE,TRUE,TRUE,"5"
"76",6,396,"2_0015","SP55","standardized-growth","Somatic Growth","autonomic","individual","batch-acclim","terrestrial",68.77257,"freshwater","left_bound_withopt",TRUE,TRUE,FALSE,TRUE,FALSE,"6"
"77",6,397,"2_0015","SP55","standardized-growth","Somatic Growth","autonomic","individual","batch-acclim","terrestrial",63.866667,"freshwater","topt",TRUE,FALSE,FALSE,FALSE,FALSE,"6"
"78",6,395,"2_0015","SP55","standardized-growth","Somatic Growth","autonomic","individual","batch-acclim","terrestrial",62.924245,"freshwater","topt",TRUE,FALSE,FALSE,FALSE,FALSE,"6"
"79",6,398,"2_0015","SP55","standardized-growth","Somatic Growth","autonomic","individual","batch-acclim","terrestrial",58.355366,"freshwater","left_bound_withopt",TRUE,TRUE,FALSE,TRUE,FALSE,"6"
"80",6,391,"2_0015","SP55","standardised-energy-intake","Energy Aquisition","positive","individual","batch-acclim","terrestrial",68.75,"freshwater","left_bound_withopt",TRUE,TRUE,FALSE,TRUE,FALSE,"6"
"81",6,392,"2_0015","SP55","standardised-energy-intake","Energy Aquisition","positive","individual","batch-acclim","terrestrial",63.866667,"freshwater","topt",TRUE,FALSE,FALSE,FALSE,FALSE,"6"
"82",6,390,"2_0015","SP55","standardised-energy-intake","Energy Aquisition","positive","individual","batch-acclim","terrestrial",62.916667,"freshwater","topt",TRUE,FALSE,FALSE,FALSE,FALSE,"6"
"83",6,393,"2_0015","SP55","standardised-energy-intake","Energy Aquisition","positive","individual","batch-acclim","terrestrial",58.416667,"freshwater","left_bound_withopt",TRUE,TRUE,FALSE,TRUE,FALSE,"6"
"84",4,400,"2_0017","SP56","tank-specific-growth-rate","Somatic Growth","autonomic","individual","batch-acclim","oceanic",70.382985,"marine","right_bound_withopt",TRUE,FALSE,TRUE,FALSE,TRUE,"4"
"85",4,399,"2_0017","SP56","specific-growth-rate-mass","Somatic Growth","autonomic","individual","batch-acclim","oceanic",70.382985,"marine","right_bound_withopt",TRUE,FALSE,TRUE,FALSE,TRUE,"4"
"86",5,402,"2_0017","SP57","tank-specific-growth-rate","Somatic Growth","autonomic","individual","batch-acclim","oceanic",70.382985,"marine","left_bound_withopt",TRUE,TRUE,FALSE,TRUE,FALSE,"5"
"87",5,401,"2_0017","SP57","specific-growth-rate-mass","Somatic Growth","autonomic","individual","batch-acclim","oceanic",70.382985,"marine","left_bound_withopt",TRUE,TRUE,FALSE,TRUE,FALSE,"5"
"88",5,404,"2_0017","SP58","tank-specific-growth-rate","Somatic Growth","autonomic","individual","batch-acclim","oceanic",57.822,"marine","full_curve",TRUE,TRUE,TRUE,TRUE,TRUE,"5"
"89",5,403,"2_0017","SP58","specific-growth-rate-mass","Somatic Growth","autonomic","individual","batch-acclim","oceanic",57.822,"marine","full_curve",TRUE,TRUE,TRUE,TRUE,TRUE,"5"
"90",5,407,"2_0017","SP59","tank-specific-growth-rate","Somatic Growth","autonomic","individual","batch-acclim","oceanic",48.135,"marine","full_curve",TRUE,TRUE,TRUE,TRUE,TRUE,"5"
"91",5,406,"2_0017","SP59","specific-growth-rate-mass","Somatic Growth","autonomic","individual","batch-acclim","oceanic",48.135,"marine","full_curve",TRUE,TRUE,TRUE,TRUE,TRUE,"5"
"92",4,408,"2_0018","SP60","consumption-rate","Energy Aquisition","positive","interaction","batch-acclim","terrestrial",61.6,"freshwater","topt",TRUE,FALSE,FALSE,FALSE,FALSE,"4"
"93",4,409,"2_0018","SP60","consumption-rate","Energy Aquisition","positive","interaction","batch-acclim","terrestrial",61.6,"freshwater","topt",TRUE,FALSE,FALSE,FALSE,FALSE,"4"
"94",4,8,"2_0020","SP61","weight-gained","Somatic Growth","autonomic","individual","batch-acclim","terrestrial",4.1,"freshwater","irregular",FALSE,FALSE,FALSE,FALSE,FALSE,"4"
"95",5,7,"2_0020","SP61","survival","Survival","autonomic","population","batch-acclim","terrestrial",4.1,"freshwater","left_bound_withopt",TRUE,TRUE,FALSE,TRUE,FALSE,"5"
"96",5,9,"2_0021","SP15","gonadosomatic-index","Reproduction","autonomic","population","batch-acclim","oceanic",32.706009,"marine","unbounded_decreasing",FALSE,FALSE,FALSE,FALSE,TRUE,"5"
"97",4,4,"2_0019","SP56","critical-swimming-speed","Locomotion","negative","individual","batch-acclim","oceanic",79,"marine","irregular",FALSE,FALSE,FALSE,FALSE,FALSE,"4"
"98",4,3,"2_0019","SP56","critical-swimming-speed","Locomotion","negative","individual","batch-acclim","oceanic",79,"marine","irregular",FALSE,FALSE,FALSE,FALSE,FALSE,"4"
"99",4,6,"2_0019","SP56","u-gait","Locomotion","negative","individual","batch-acclim","oceanic",79,"marine","unbounded_increasing",FALSE,FALSE,FALSE,TRUE,FALSE,"4"
"100",4,5,"2_0019","SP56","u-gait","Locomotion","negative","individual","batch-acclim","oceanic",79,"marine","unbounded_increasing",FALSE,FALSE,FALSE,TRUE,FALSE,"4"
"101",4,415,"2_0019","SP56","resting-metabolism","Metabolism","autonomic","internal","batch-acclim","oceanic",79,"marine","unbounded_increasing",FALSE,FALSE,FALSE,TRUE,FALSE,"4"
"102",4,414,"2_0019","SP56","resting-metabolism","Metabolism","autonomic","internal","batch-acclim","oceanic",79,"marine","unbounded_increasing",FALSE,FALSE,FALSE,TRUE,FALSE,"4"
"103",4,413,"2_0019","SP56","maximum-metabolism","Metabolism","negative","internal","batch-acclim","oceanic",79,"marine","unbounded_increasing",FALSE,FALSE,FALSE,TRUE,FALSE,"4"
"104",4,412,"2_0019","SP56","maximum-metabolism","Metabolism","negative","internal","batch-acclim","oceanic",79,"marine","unbounded_increasing",FALSE,FALSE,FALSE,TRUE,FALSE,"4"
"105",4,411,"2_0019","SP56","aerobic-scope","Metabolism","voluntary","internal","batch-acclim","oceanic",79,"marine","unbounded_increasing",FALSE,FALSE,FALSE,TRUE,FALSE,"4"
"106",4,410,"2_0019","SP56","aerobic-scope","Metabolism","voluntary","internal","batch-acclim","oceanic",79,"marine","topt",TRUE,FALSE,FALSE,FALSE,FALSE,"4"
"107",4,10,"2_0022","SP32","routine-swimming-speed","Locomotion","voluntary","individual","batch-acclim","oceanic",23.441133,"marine","topt",TRUE,FALSE,FALSE,FALSE,FALSE,"4"
"108",4,11,"2_0022","SP32","routine-swimming-speed","Locomotion","voluntary","individual","batch-acclim","oceanic",14.221809,"marine","unbounded_decreasing",FALSE,FALSE,FALSE,FALSE,TRUE,"4"
"109",4,14,"2_0023","SP62","specific-growth-rate-mass","Somatic Growth","autonomic","individual","batch-acclim","terrestrial",45.7,"freshwater","right_bound_withopt",TRUE,FALSE,TRUE,FALSE,TRUE,"4"
"110",4,12,"2_0023","SP62","aerobic-scope","Metabolism","voluntary","internal","batch-acclim","terrestrial",45.7,"freshwater","irregular",FALSE,FALSE,FALSE,FALSE,FALSE,"4"
"111",5,15,"2_0024","SP63","specific-growth-rate-mass","Somatic Growth","autonomic","individual","batch-acclim","terrestrial",46.7,"freshwater","left_bound_withopt",TRUE,TRUE,FALSE,TRUE,FALSE,"5"
"112",5,17,"2_0026","SP65","specific-growth-rate-mass","Somatic Growth","autonomic","individual","batch-acclim","oceanic",33.5,"brackish","unbounded_increasing",FALSE,FALSE,FALSE,TRUE,FALSE,"5"
"113",4,38,"2_0029","SP67","consumption-rate","Energy Aquisition","positive","interaction","batch-acclim","oceanic",62.18291,"marine","topt",TRUE,FALSE,FALSE,FALSE,FALSE,"4"
"114",4,39,"2_0029","SP67","consumption-rate","Energy Aquisition","positive","interaction","batch-acclim","oceanic",62.18291,"marine","unbounded_decreasing",FALSE,FALSE,FALSE,FALSE,TRUE,"4"
"115",4,40,"2_0029","SP67","consumption-rate","Energy Aquisition","positive","interaction","batch-acclim","oceanic",62.18291,"marine","topt",TRUE,FALSE,FALSE,FALSE,FALSE,"4"
"116",5,44,"2_0029","SP67","survival","Survival","autonomic","population","batch-acclim","oceanic",62.18291,"marine","right_bound",FALSE,FALSE,TRUE,FALSE,TRUE,"5"
"117",5,45,"2_0029","SP67","survival","Survival","autonomic","population","batch-acclim","oceanic",62.18291,"marine","unbounded_decreasing",FALSE,FALSE,FALSE,FALSE,TRUE,"5"
"118",5,47,"2_0029","SP67","survival","Survival","autonomic","population","batch-acclim","oceanic",62.18291,"marine","right_bound",FALSE,FALSE,TRUE,FALSE,TRUE,"5"
"119",4,31,"2_0029","SP67","absorption-efficiency","Energy Aquisition","autonomic","internal","batch-acclim","oceanic",62.18291,"marine","irregular",FALSE,FALSE,FALSE,FALSE,FALSE,"4"
"120",4,32,"2_0029","SP67","absorption-efficiency","Energy Aquisition","autonomic","internal","batch-acclim","oceanic",62.18291,"marine","irregular",FALSE,FALSE,FALSE,FALSE,FALSE,"4"
"121",4,33,"2_0029","SP67","absorption-efficiency","Energy Aquisition","autonomic","internal","batch-acclim","oceanic",62.18291,"marine","irregular",FALSE,FALSE,FALSE,FALSE,FALSE,"4"
"122",4,34,"2_0029","SP67","absorption-rate","Energy Aquisition","autonomic","internal","batch-acclim","oceanic",62.18291,"marine","unbounded_decreasing",FALSE,FALSE,FALSE,FALSE,TRUE,"4"
"123",4,36,"2_0029","SP67","absorption-rate","Energy Aquisition","autonomic","internal","batch-acclim","oceanic",62.18291,"marine","unbounded_decreasing",FALSE,FALSE,FALSE,FALSE,TRUE,"4"
"124",4,37,"2_0029","SP67","absorption-rate","Energy Aquisition","autonomic","internal","batch-acclim","oceanic",62.18291,"marine","unbounded_decreasing",FALSE,FALSE,FALSE,FALSE,TRUE,"4"
"125",4,41,"2_0029","SP67","routine-metabolism","Metabolism","autonomic","internal","batch-acclim","oceanic",62.18291,"marine","unbounded_increasing",FALSE,FALSE,FALSE,TRUE,FALSE,"4"
"126",4,42,"2_0029","SP67","routine-metabolism","Metabolism","autonomic","internal","batch-acclim","oceanic",62.18291,"marine","unbounded_increasing",FALSE,FALSE,FALSE,TRUE,FALSE,"4"
"127",4,43,"2_0029","SP67","routine-metabolism","Metabolism","autonomic","internal","batch-acclim","oceanic",62.18291,"marine","unbounded_increasing",FALSE,FALSE,FALSE,TRUE,FALSE,"4"
"128",4,48,"2_0029","SP67","scope-for-growth","Metabolism","voluntary","internal","batch-acclim","oceanic",62.18291,"marine","unbounded_decreasing",FALSE,FALSE,FALSE,FALSE,TRUE,"4"
"129",4,49,"2_0029","SP67","scope-for-growth","Metabolism","voluntary","internal","batch-acclim","oceanic",62.18291,"marine","right_bound",FALSE,FALSE,TRUE,FALSE,TRUE,"4"
"130",4,50,"2_0029","SP67","scope-for-growth","Metabolism","voluntary","internal","batch-acclim","oceanic",62.18291,"marine","right_bound",FALSE,FALSE,TRUE,FALSE,TRUE,"4"
"131",7,53,"2_0031","SP60","consumption-rate","Energy Aquisition","positive","interaction","batch-acclim","terrestrial",47.65,"freshwater","topt",TRUE,FALSE,FALSE,FALSE,FALSE,"7+"
"132",8,54,"2_0031","SP60","specific-growth-rate-length","Somatic Growth","autonomic","individual","batch-acclim","terrestrial",47.65,"freshwater","topt",TRUE,FALSE,FALSE,FALSE,FALSE,"7+"
"133",8,55,"2_0031","SP60","survival","Survival","autonomic","population","batch-acclim","terrestrial",47.65,"freshwater","unbounded_decreasing",FALSE,FALSE,FALSE,FALSE,TRUE,"7+"
"134",4,82,"2_0039","SP77","proportion-hatched","Reproduction","autonomic","population","acute-change","terrestrial",37.523924,"freshwater","left_bound",FALSE,TRUE,FALSE,TRUE,FALSE,"4"
"135",5,83,"2_0040","SP78","critical-swimming-speed","Locomotion","negative","individual","batch-acclim","terrestrial",43.910066,"freshwater","topt",TRUE,FALSE,FALSE,FALSE,FALSE,"5"
"136",4,89,"2_0041","SP80","maximum-swimming-speed","Locomotion","negative","individual","acute-change","oceanic",55.7,"marine","topt",TRUE,FALSE,FALSE,FALSE,FALSE,"4"
"137",4,88,"2_0041","SP80","maximum-swimming-speed","Locomotion","negative","individual","acute-change","oceanic",55.7,"marine","topt",TRUE,FALSE,FALSE,FALSE,FALSE,"4"
"138",4,96,"2_0041","SP81","maximum-swimming-speed","Locomotion","negative","individual","acute-change","oceanic",56.346025,"marine","topt",TRUE,FALSE,FALSE,FALSE,FALSE,"4"
"139",4,95,"2_0041","SP81","maximum-swimming-speed","Locomotion","negative","individual","acute-change","oceanic",56.346025,"marine","unbounded_increasing",FALSE,FALSE,FALSE,TRUE,FALSE,"4"
"140",4,87,"2_0041","SP80","max-acceleration-escape-response","Locomotion","negative","individual","acute-change","oceanic",55.7,"marine","topt",TRUE,FALSE,FALSE,FALSE,FALSE,"4"
"141",4,86,"2_0041","SP80","max-acceleration-escape-response","Locomotion","negative","individual","acute-change","oceanic",55.7,"marine","topt",TRUE,FALSE,FALSE,FALSE,FALSE,"4"
"142",4,94,"2_0041","SP81","max-acceleration-escape-response","Locomotion","negative","individual","acute-change","oceanic",56.346025,"marine","topt",TRUE,FALSE,FALSE,FALSE,FALSE,"4"
"143",4,93,"2_0041","SP81","max-acceleration-escape-response","Locomotion","negative","individual","acute-change","oceanic",56.346025,"marine","unbounded_increasing",FALSE,FALSE,FALSE,TRUE,FALSE,"4"
"144",4,85,"2_0041","SP80","max-angular-velocity-escape-response","Locomotion","negative","individual","acute-change","oceanic",55.7,"marine","unbounded_increasing",FALSE,FALSE,FALSE,TRUE,FALSE,"4"
"145",4,84,"2_0041","SP80","max-angular-velocity-escape-response","Locomotion","negative","individual","acute-change","oceanic",55.7,"marine","topt",TRUE,FALSE,FALSE,FALSE,FALSE,"4"
"146",4,92,"2_0041","SP81","max-angular-velocity-escape-response","Locomotion","negative","individual","acute-change","oceanic",56.346025,"marine","topt",TRUE,FALSE,FALSE,FALSE,FALSE,"4"
"147",4,91,"2_0041","SP81","max-angular-velocity-escape-response","Locomotion","negative","individual","acute-change","oceanic",56.346025,"marine","left_bound_withopt",TRUE,TRUE,FALSE,TRUE,FALSE,"4"
"148",4,103,"2_0044","SP85","critical-swimming-speed","Locomotion","negative","individual","acute-change","terrestrial",24.829445,"brackish","unbounded_decreasing",FALSE,FALSE,FALSE,FALSE,TRUE,"4"
"149",4,105,"2_0045","SP86","absolute-growth-rate-mass","Somatic Growth","autonomic","individual","batch-acclim","oceanic",57.766667,"marine","unbounded_increasing",FALSE,FALSE,FALSE,TRUE,FALSE,"4"
"150",4,104,"2_0045","SP86","absolute-growth-rate-length","Somatic Growth","autonomic","individual","batch-acclim","oceanic",57.766667,"marine","unbounded_increasing",FALSE,FALSE,FALSE,TRUE,FALSE,"4"
"151",4,108,"2_0046","SP9","specific-growth-rate-mass","Somatic Growth","autonomic","individual","batch-acclim","oceanic",41.689391,"marine","unbounded_increasing",FALSE,FALSE,FALSE,TRUE,FALSE,"4"
"152",4,106,"2_0046","SP9","conversion-efficiency","Energy Aquisition","autonomic","internal","batch-acclim","oceanic",41.689391,"marine","unbounded_decreasing",FALSE,FALSE,FALSE,FALSE,TRUE,"4"
"153",4,107,"2_0046","SP9","survival","Survival","autonomic","population","batch-acclim","oceanic",41.689391,"marine","unbounded_decreasing",FALSE,FALSE,FALSE,FALSE,TRUE,"4"
"154",6,16,"2_0025","SP64","specific-growth-rate-mass","Somatic Growth","autonomic","individual","batch-acclim","terrestrial",42.6,"freshwater","full_curve",TRUE,TRUE,TRUE,TRUE,TRUE,"6"
"155",6,23,"2_0027","SP66","specific-growth-rate-mass","Somatic Growth","autonomic","individual","batch-acclim","terrestrial",44.541378,"freshwater","left_bound",FALSE,TRUE,FALSE,TRUE,FALSE,"6"
"156",6,22,"2_0027","SP66","specific-growth-rate-mass","Somatic Growth","autonomic","individual","batch-acclim","terrestrial",44.541378,"freshwater","left_bound",FALSE,TRUE,FALSE,TRUE,FALSE,"6"
"157",6,21,"2_0027","SP66","specific-growth-rate-length","Somatic Growth","autonomic","individual","batch-acclim","terrestrial",44.541378,"freshwater","left_bound",FALSE,TRUE,FALSE,TRUE,FALSE,"6"
"158",6,20,"2_0027","SP66","specific-growth-rate-length","Somatic Growth","autonomic","individual","batch-acclim","terrestrial",44.541378,"freshwater","topt",TRUE,FALSE,FALSE,FALSE,FALSE,"6"
"159",5,19,"2_0027","SP66","conversion-efficiency","Energy Aquisition","autonomic","internal","batch-acclim","terrestrial",44.541378,"freshwater","irregular",FALSE,FALSE,FALSE,FALSE,FALSE,"5"
"160",5,18,"2_0027","SP66","conversion-efficiency","Energy Aquisition","autonomic","internal","batch-acclim","terrestrial",44.541378,"freshwater","left_bound_withopt",TRUE,TRUE,FALSE,TRUE,FALSE,"5"
"161",4,30,"2_0028","SP105","specific-growth-rate-mass","Somatic Growth","autonomic","individual","batch-acclim","oceanic",36.8,"marine","left_bound_withopt",TRUE,TRUE,FALSE,TRUE,FALSE,"4"
"162",4,27,"2_0028","SP105","survival","Survival","autonomic","population","batch-acclim","oceanic",36.8,"marine","unbounded_decreasing",FALSE,FALSE,FALSE,FALSE,TRUE,"4"
"163",6,51,"2_0030","SP69","specific-growth-rate-mass","Somatic Growth","autonomic","individual","acute-change","terrestrial",19.6,"freshwater","left_bound_withopt",TRUE,TRUE,FALSE,TRUE,FALSE,"6"
"164",7,52,"2_0030","SP69","survival","Survival","autonomic","population","acute-change","terrestrial",19.6,"freshwater","full_curve",TRUE,TRUE,TRUE,TRUE,TRUE,"7+"
"165",4,60,"2_0035","SP70","proportion-hatched","Reproduction","autonomic","population","batch-acclim","terrestrial",47.574,"freshwater","left_bound_withopt",TRUE,TRUE,FALSE,TRUE,FALSE,"4"
"166",4,61,"2_0035","SP70","proportion-hatched","Reproduction","autonomic","population","batch-acclim","terrestrial",47.574,"freshwater","left_bound_withopt",TRUE,TRUE,FALSE,TRUE,FALSE,"4"
"167",6,56,"2_0032","SP71","specific-growth-rate-mass","Somatic Growth","autonomic","individual","acute-change","terrestrial",39.311833,"freshwater","topt",TRUE,FALSE,FALSE,FALSE,FALSE,"6"
"168",5,59,"2_0033","SP74","specific-growth-rate-mass","Somatic Growth","autonomic","individual","acute-change","oceanic",56.94,"marine","topt",TRUE,FALSE,FALSE,FALSE,FALSE,"5"
"169",5,58,"2_0033","SP74","consumption-rate","Energy Aquisition","positive","interaction","acute-change","oceanic",56.94,"marine","unbounded_increasing",FALSE,FALSE,FALSE,TRUE,FALSE,"5"
"170",4,62,"2_0036","SP72","specific-growth-rate-mass","Somatic Growth","autonomic","individual","batch-acclim","oceanic",33.9,"marine","topt",TRUE,FALSE,FALSE,FALSE,FALSE,"4"
"171",4,63,"2_0036","SP72","survival","Survival","autonomic","population","batch-acclim","oceanic",33.9,"marine","irregular",FALSE,FALSE,FALSE,FALSE,FALSE,"4"
"172",7,76,"2_0038","SP76","aerobic-scope","Metabolism","voluntary","internal","batch-acclim","oceanic",34.719902,"marine","topt",TRUE,FALSE,FALSE,FALSE,FALSE,"7+"
"173",7,67,"2_0038","SP45","aerobic-scope","Metabolism","voluntary","internal","batch-acclim","oceanic",42.93182,"marine","topt",TRUE,FALSE,FALSE,FALSE,FALSE,"7+"
"174",7,80,"2_0038","SP76","routine-metabolism","Metabolism","autonomic","internal","batch-acclim","oceanic",34.719902,"marine","left_bound_withopt",TRUE,TRUE,FALSE,TRUE,FALSE,"7+"
"175",7,71,"2_0038","SP45","routine-metabolism","Metabolism","autonomic","internal","batch-acclim","oceanic",42.93182,"marine","left_bound_withopt",TRUE,TRUE,FALSE,TRUE,FALSE,"7+"
"176",7,78,"2_0038","SP76","maximum-metabolism","Metabolism","negative","internal","batch-acclim","oceanic",34.719902,"marine","left_bound_withopt",TRUE,TRUE,FALSE,TRUE,FALSE,"7+"
"177",7,70,"2_0038","SP45","maximum-metabolism","Metabolism","negative","internal","batch-acclim","oceanic",42.93182,"marine","left_bound_withopt",TRUE,TRUE,FALSE,TRUE,FALSE,"7+"
"178",7,81,"2_0038","SP76","specific-growth-rate-mass","Somatic Growth","autonomic","individual","batch-acclim","oceanic",34.719902,"marine","left_bound_withopt",TRUE,TRUE,FALSE,TRUE,FALSE,"7+"
"179",7,72,"2_0038","SP45","specific-growth-rate-mass","Somatic Growth","autonomic","individual","batch-acclim","oceanic",42.93182,"marine","irregular",FALSE,FALSE,FALSE,FALSE,FALSE,"7+"
"180",7,77,"2_0038","SP76","gonadosomatic-index","Reproduction","autonomic","population","batch-acclim","oceanic",34.719902,"marine","irregular",FALSE,FALSE,FALSE,FALSE,FALSE,"7+"
"181",7,69,"2_0038","SP45","gonadosomatic-index","Reproduction","autonomic","population","batch-acclim","oceanic",42.93182,"marine","right_bound_withopt",TRUE,FALSE,TRUE,FALSE,TRUE,"7+"
"182",7,75,"2_0038","SP76","routine-metabolism","Metabolism","autonomic","internal","acute-change","oceanic",34.719902,"marine","unbounded_increasing",FALSE,FALSE,FALSE,TRUE,FALSE,"7+"
"183",7,66,"2_0038","SP45","routine-metabolism","Metabolism","autonomic","internal","acute-change","oceanic",42.93182,"marine","unbounded_increasing",FALSE,FALSE,FALSE,TRUE,FALSE,"7+"
"184",7,74,"2_0038","SP76","maximum-metabolism","Metabolism","negative","internal","acute-change","oceanic",34.719902,"marine","unbounded_increasing",FALSE,FALSE,FALSE,TRUE,FALSE,"7+"
"185",7,65,"2_0038","SP45","maximum-metabolism","Metabolism","negative","internal","acute-change","oceanic",42.93182,"marine","topt",TRUE,FALSE,FALSE,FALSE,FALSE,"7+"
"186",7,73,"2_0038","SP76","aerobic-scope","Metabolism","voluntary","internal","acute-change","oceanic",34.719902,"marine","full_curve",TRUE,TRUE,TRUE,TRUE,TRUE,"7+"
"187",6,64,"2_0038","SP45","aerobic-scope","Metabolism","voluntary","internal","acute-change","oceanic",42.93182,"marine","topt",TRUE,FALSE,FALSE,FALSE,FALSE,"6"
"188",4,102,"2_0042","SP82","routine-metabolism","Metabolism","autonomic","internal","batch-acclim","oceanic",34.7,"marine","unbounded_increasing",FALSE,FALSE,FALSE,TRUE,FALSE,"4"
"189",4,97,"2_0042","SP82","routine-metabolism","Metabolism","autonomic","internal","batch-acclim","oceanic",34.7,"marine","unbounded_increasing",FALSE,FALSE,FALSE,TRUE,FALSE,"4"
"190",4,98,"2_0042","SP82","routine-metabolism","Metabolism","autonomic","internal","batch-acclim","oceanic",34.7,"marine","unbounded_increasing",FALSE,FALSE,FALSE,TRUE,FALSE,"4"
"191",4,99,"2_0042","SP82","routine-metabolism","Metabolism","autonomic","internal","batch-acclim","oceanic",34.7,"marine","unbounded_increasing",FALSE,FALSE,FALSE,TRUE,FALSE,"4"
"192",4,100,"2_0042","SP82","routine-metabolism","Metabolism","autonomic","internal","batch-acclim","oceanic",34.7,"marine","unbounded_increasing",FALSE,FALSE,FALSE,TRUE,FALSE,"4"
"193",4,113,"2_0047","SP87","specific-growth-rate-length","Somatic Growth","autonomic","individual","batch-acclim","oceanic",31.77564,"marine","topt",TRUE,FALSE,FALSE,FALSE,FALSE,"4"
"194",4,109,"2_0047","SP87","specific-growth-rate-length","Somatic Growth","autonomic","individual","batch-acclim","oceanic",31.77564,"marine","unbounded_decreasing",FALSE,FALSE,FALSE,FALSE,TRUE,"4"
"195",4,114,"2_0047","SP87","specific-growth-rate-mass","Somatic Growth","autonomic","individual","batch-acclim","oceanic",31.77564,"marine","topt",TRUE,FALSE,FALSE,FALSE,FALSE,"4"
"196",4,110,"2_0047","SP87","specific-growth-rate-length","Somatic Growth","autonomic","individual","batch-acclim","oceanic",31.77564,"marine","unbounded_increasing",FALSE,FALSE,FALSE,TRUE,FALSE,"4"
"197",4,115,"2_0047","SP87","specific-growth-rate-mass","Somatic Growth","autonomic","individual","batch-acclim","oceanic",31.77564,"marine","unbounded_decreasing",FALSE,FALSE,FALSE,FALSE,TRUE,"4"
"198",4,128,"2_0048","SP88","survival","Survival","autonomic","population","batch-acclim","oceanic",44.61798,"marine","unbounded_decreasing",FALSE,FALSE,FALSE,FALSE,TRUE,"4"
"199",5,129,"2_0048","SP88","survival","Survival","autonomic","population","batch-acclim","oceanic",44.61798,"marine","unbounded_decreasing",FALSE,FALSE,FALSE,FALSE,TRUE,"5"
"200",5,126,"2_0048","SP88","survival","Survival","autonomic","population","batch-acclim","oceanic",44.61798,"marine","topt",TRUE,FALSE,FALSE,FALSE,FALSE,"5"
"201",5,127,"2_0048","SP88","survival","Survival","autonomic","population","batch-acclim","oceanic",44.61798,"marine","topt",TRUE,FALSE,FALSE,FALSE,FALSE,"5"
"202",4,130,"2_0048","SP88","survival","Survival","autonomic","population","batch-acclim","oceanic",44.61798,"marine","topt",TRUE,FALSE,FALSE,FALSE,FALSE,"4"
"203",4,122,"2_0048","SP88","specific-growth-rate-mass","Somatic Growth","autonomic","individual","batch-acclim","oceanic",44.61798,"marine","right_bound",FALSE,FALSE,TRUE,FALSE,TRUE,"4"
"204",5,124,"2_0048","SP88","specific-growth-rate-mass","Somatic Growth","autonomic","individual","batch-acclim","oceanic",44.61798,"marine","right_bound",FALSE,FALSE,TRUE,FALSE,TRUE,"5"
"205",5,120,"2_0048","SP88","specific-growth-rate-mass","Somatic Growth","autonomic","individual","batch-acclim","oceanic",44.61798,"marine","right_bound",FALSE,FALSE,TRUE,FALSE,TRUE,"5"
"206",5,121,"2_0048","SP88","specific-growth-rate-mass","Somatic Growth","autonomic","individual","batch-acclim","oceanic",44.61798,"marine","right_bound",FALSE,FALSE,TRUE,FALSE,TRUE,"5"
"207",4,125,"2_0048","SP88","specific-growth-rate-mass","Somatic Growth","autonomic","individual","batch-acclim","oceanic",44.61798,"marine","unbounded_increasing",FALSE,FALSE,FALSE,TRUE,FALSE,"4"
"208",4,119,"2_0048","SP88","conversion-efficiency","Energy Aquisition","autonomic","internal","batch-acclim","oceanic",44.61798,"marine","unbounded_decreasing",FALSE,FALSE,FALSE,FALSE,TRUE,"4"
"209",4,116,"2_0048","SP88","conversion-efficiency","Energy Aquisition","autonomic","internal","batch-acclim","oceanic",44.61798,"marine","unbounded_decreasing",FALSE,FALSE,FALSE,FALSE,TRUE,"4"
"210",4,117,"2_0048","SP88","conversion-efficiency","Energy Aquisition","autonomic","internal","batch-acclim","oceanic",44.61798,"marine","unbounded_decreasing",FALSE,FALSE,FALSE,FALSE,TRUE,"4"
"211",5,131,"2_0050","SP89","specific-growth-rate-mass","Somatic Growth","autonomic","individual","batch-acclim","oceanic",38.66667,"marine","unbounded_increasing",FALSE,FALSE,FALSE,TRUE,FALSE,"5"
"212",5,132,"2_0050","SP89","consumption-rate","Energy Aquisition","positive","interaction","batch-acclim","oceanic",38.66667,"marine","unbounded_increasing",FALSE,FALSE,FALSE,TRUE,FALSE,"5"
"213",5,133,"2_0050","SP89","growth-efficiency","Somatic Growth","autonomic","internal","batch-acclim","oceanic",38.66667,"marine","unbounded_increasing",FALSE,FALSE,FALSE,TRUE,FALSE,"5"
"214",4,136,"2_0051","SP39","maximum-metabolism","Metabolism","negative","internal","acute-change","terrestrial",50.60541,"freshwater","irregular",FALSE,FALSE,FALSE,FALSE,FALSE,"4"
"215",4,135,"2_0051","SP39","maximum-metabolism","Metabolism","negative","internal","acute-change","terrestrial",50.60541,"freshwater","topt",TRUE,FALSE,FALSE,FALSE,FALSE,"4"
"216",4,137,"2_0051","SP39","resting-metabolism","Metabolism","autonomic","internal","acute-change","terrestrial",50.60541,"freshwater","unbounded_increasing",FALSE,FALSE,FALSE,TRUE,FALSE,"4"
"217",4,138,"2_0051","SP39","recMMR50","Survival","negative","population","acute-change","terrestrial",50.60541,"freshwater","unbounded_increasing",FALSE,FALSE,FALSE,TRUE,FALSE,"4"
"218",4,139,"2_0052","SP5","tank-specific-growth-rate","Somatic Growth","autonomic","individual","batch-acclim","oceanic",52.53333,"brackish","topt",TRUE,FALSE,FALSE,FALSE,FALSE,"4"
"219",4,140,"2_0052","SP5","tank-specific-growth-rate","Somatic Growth","autonomic","individual","batch-acclim","oceanic",52.53333,"brackish","full_curve",TRUE,TRUE,TRUE,TRUE,TRUE,"4"
"220",4,141,"2_0052","SP5","tank-specific-growth-rate","Somatic Growth","autonomic","individual","batch-acclim","oceanic",52.53333,"brackish","left_bound",FALSE,TRUE,FALSE,TRUE,FALSE,"4"
"221",4,142,"2_0052","SP5","tank-specific-growth-rate","Somatic Growth","autonomic","individual","batch-acclim","oceanic",52.53333,"brackish","left_bound",FALSE,TRUE,FALSE,TRUE,FALSE,"4"
"222",5,143,"2_0053","SP90","critical-swimming-speed","Locomotion","negative","individual","acute-change","oceanic",77.78004,"marine","unbounded_decreasing",FALSE,FALSE,FALSE,FALSE,TRUE,"5"
"223",5,146,"2_0053","SP90","resting-ventilation-rate","Metabolism","autonomic","internal","acute-change","oceanic",77.78004,"marine","unbounded_increasing",FALSE,FALSE,FALSE,TRUE,FALSE,"5"
"224",5,144,"2_0053","SP90","maximum-ventilation-rate","Metabolism","negative","internal","acute-change","oceanic",77.78004,"marine","topt",TRUE,FALSE,FALSE,FALSE,FALSE,"5"
"225",4,147,"2_0056","SP94","specific-growth-rate-mass","Somatic Growth","autonomic","individual","batch-acclim","oceanic",66.17,"marine","left_bound_withopt",TRUE,TRUE,FALSE,TRUE,FALSE,"4"
"226",6,148,"2_0057","SP95","specific-growth-rate-mass","Somatic Growth","autonomic","individual","batch-acclim","terrestrial",40.56537,"freshwater","topt",TRUE,FALSE,FALSE,FALSE,FALSE,"6"
"227",5,151,"2_0059","SP96","optimal-swimming-speed","Locomotion","positive","individual","batch-acclim","terrestrial",36.34066,"freshwater","topt",TRUE,FALSE,FALSE,FALSE,FALSE,"5"
"228",5,154,"2_0059","SP97","optimal-swimming-speed","Locomotion","positive","individual","batch-acclim","terrestrial",36.34066,"freshwater","topt",TRUE,FALSE,FALSE,FALSE,FALSE,"5"
"229",5,150,"2_0059","SP96","critical-swimming-speed","Locomotion","negative","individual","batch-acclim","terrestrial",36.34066,"freshwater","topt",TRUE,FALSE,FALSE,FALSE,FALSE,"5"
"230",5,153,"2_0059","SP97","critical-swimming-speed","Locomotion","negative","individual","batch-acclim","terrestrial",36.34066,"freshwater","topt",TRUE,FALSE,FALSE,FALSE,FALSE,"5"
"231",5,149,"2_0059","SP96","aerobic-scope","Metabolism","voluntary","internal","batch-acclim","terrestrial",36.34066,"freshwater","topt",TRUE,FALSE,FALSE,FALSE,FALSE,"5"
"232",5,152,"2_0059","SP97","aerobic-scope","Metabolism","voluntary","internal","batch-acclim","terrestrial",36.34066,"freshwater","topt",TRUE,FALSE,FALSE,FALSE,FALSE,"5"
"233",4,157,"2_0060","SP58","specific-growth-rate-mass","Somatic Growth","autonomic","individual","batch-acclim","oceanic",56.3835,"marine","right_bound_withopt",TRUE,FALSE,TRUE,FALSE,TRUE,"4"
"234",4,158,"2_0060","SP58","specific-growth-rate-mass","Somatic Growth","autonomic","individual","batch-acclim","oceanic",56.3835,"marine","topt",TRUE,FALSE,FALSE,FALSE,FALSE,"4"
"235",4,155,"2_0060","SP58","specific-growth-rate-mass","Somatic Growth","autonomic","individual","batch-acclim","oceanic",56.3835,"marine","irregular",FALSE,FALSE,FALSE,FALSE,FALSE,"4"
"236",6,160,"2_0061","SP25","prey-capture-probability","Energy Aquisition","positive","interaction","acute-change","terrestrial",59.52516,"freshwater","topt",TRUE,FALSE,FALSE,FALSE,FALSE,"6"
"237",5,159,"2_0061","SP25","capture-manuever-time","Energy Aquisition","positive","interaction","acute-change","terrestrial",59.52516,"freshwater","unbounded_increasing",FALSE,FALSE,FALSE,TRUE,FALSE,"5"
"238",4,161,"2_0063","SP99","absolute-growth-rate-length","Somatic Growth","autonomic","individual","batch-acclim","terrestrial",49.81919,"freshwater","topt",TRUE,FALSE,FALSE,FALSE,FALSE,"4"
"239",4,162,"2_0063","SP99","relative-growth-rate","Somatic Growth","autonomic","individual","batch-acclim","terrestrial",49.81919,"freshwater","topt",TRUE,FALSE,FALSE,FALSE,FALSE,"4"
"240",5,163,"2_0064","SP74","growth-efficiency","Somatic Growth","autonomic","internal","batch-acclim","oceanic",44.63448,"marine","topt",TRUE,FALSE,FALSE,FALSE,FALSE,"5"
"241",5,164,"2_0064","SP74","growth-efficiency","Somatic Growth","autonomic","internal","batch-acclim","oceanic",44.63448,"marine","topt",TRUE,FALSE,FALSE,FALSE,FALSE,"5"
"242",5,165,"2_0064","SP74","specific-growth-rate-mass","Somatic Growth","autonomic","individual","batch-acclim","oceanic",44.63448,"marine","topt",TRUE,FALSE,FALSE,FALSE,FALSE,"5"
"243",5,166,"2_0064","SP74","specific-growth-rate-mass","Somatic Growth","autonomic","individual","batch-acclim","oceanic",44.63448,"marine","topt",TRUE,FALSE,FALSE,FALSE,FALSE,"5"
"244",6,168,"2_0064","SP74","routine-swimming-speed","Locomotion","voluntary","individual","batch-acclim","oceanic",44.63448,"marine","irregular",FALSE,FALSE,FALSE,FALSE,FALSE,"6"
"245",6,169,"2_0064","SP74","routine-swimming-speed","Locomotion","voluntary","individual","batch-acclim","oceanic",44.63448,"marine","irregular",FALSE,FALSE,FALSE,FALSE,FALSE,"6"
"246",5,170,"2_0065","SP56","aerobic-scope","Metabolism","voluntary","internal","acute-change","oceanic",69.19726,"marine","topt",TRUE,FALSE,FALSE,FALSE,FALSE,"5"
"247",5,175,"2_0066","SP9","proportion-hatched","Reproduction","autonomic","population","batch-acclim","oceanic",55.96667,"marine","topt",TRUE,FALSE,FALSE,FALSE,FALSE,"5"
"248",5,174,"2_0066","SP9","proportion-hatched","Reproduction","autonomic","population","batch-acclim","oceanic",55.96667,"marine","topt",TRUE,FALSE,FALSE,FALSE,FALSE,"5"
"249",5,172,"2_0066","SP9","embryonic-metabolism","Metabolism","autonomic","internal","batch-acclim","oceanic",55.96667,"marine","unbounded_increasing",FALSE,FALSE,FALSE,TRUE,FALSE,"5"
"250",5,171,"2_0066","SP9","embryonic-metabolism","Metabolism","autonomic","internal","batch-acclim","oceanic",55.96667,"marine","topt",TRUE,FALSE,FALSE,FALSE,FALSE,"5"
"251",5,173,"2_0066","SP9","mitochondrial-respiration","Metabolism","autonomic","internal","batch-acclim","oceanic",55.96667,"marine","topt",TRUE,FALSE,FALSE,FALSE,FALSE,"5"
"252",4,187,"2_0069","SP104","consumption-rate","Energy Aquisition","positive","interaction","batch-acclim","terrestrial",10.47419,"freshwater","topt",TRUE,FALSE,FALSE,FALSE,FALSE,"4"
"253",4,185,"2_0069","SP104","absorption-rate","Energy Aquisition","autonomic","internal","batch-acclim","terrestrial",10.47419,"freshwater","topt",TRUE,FALSE,FALSE,FALSE,FALSE,"4"
"254",4,184,"2_0069","SP104","absorption-efficiency","Energy Aquisition","autonomic","internal","batch-acclim","terrestrial",10.47419,"freshwater","unbounded_decreasing",FALSE,FALSE,FALSE,FALSE,TRUE,"4"
"255",4,186,"2_0069","SP104","energy-based-growth-rate","Somatic Growth","autonomic","individual","batch-acclim","terrestrial",10.47419,"freshwater","topt",TRUE,FALSE,FALSE,FALSE,FALSE,"4"
"256",4,190,"2_0069","SP104","routine-metabolism","Metabolism","autonomic","internal","batch-acclim","terrestrial",10.47419,"freshwater","unbounded_increasing",FALSE,FALSE,FALSE,TRUE,FALSE,"4"
"257",4,188,"2_0069","SP104","conversion-efficiency","Energy Aquisition","autonomic","internal","batch-acclim","terrestrial",10.47419,"freshwater","unbounded_decreasing",FALSE,FALSE,FALSE,FALSE,TRUE,"4"
"258",4,191,"2_0069","SP104","net-conversion-efficiency","Energy Aquisition","autonomic","internal","batch-acclim","terrestrial",10.47419,"freshwater","topt",TRUE,FALSE,FALSE,FALSE,FALSE,"4"
"259",4,179,"2_0069","SP103","consumption-rate","Energy Aquisition","positive","interaction","batch-acclim","terrestrial",10.47419,"freshwater","topt",TRUE,FALSE,FALSE,FALSE,FALSE,"4"
"260",4,177,"2_0069","SP103","absorption-rate","Energy Aquisition","autonomic","internal","batch-acclim","terrestrial",10.47419,"freshwater","topt",TRUE,FALSE,FALSE,FALSE,FALSE,"4"
"261",4,176,"2_0069","SP103","absorption-efficiency","Energy Aquisition","autonomic","internal","batch-acclim","terrestrial",10.47419,"freshwater","topt",TRUE,FALSE,FALSE,FALSE,FALSE,"4"
"262",4,181,"2_0069","SP103","energy-based-growth-rate","Somatic Growth","autonomic","individual","batch-acclim","terrestrial",10.47419,"freshwater","topt",TRUE,FALSE,FALSE,FALSE,FALSE,"4"
"263",4,182,"2_0069","SP103","routine-metabolism","Metabolism","autonomic","internal","batch-acclim","terrestrial",10.47419,"freshwater","topt",TRUE,FALSE,FALSE,FALSE,FALSE,"4"
"264",4,180,"2_0069","SP103","conversion-efficiency","Energy Aquisition","autonomic","internal","batch-acclim","terrestrial",10.47419,"freshwater","topt",TRUE,FALSE,FALSE,FALSE,FALSE,"4"
"265",4,183,"2_0069","SP103","net-conversion-efficiency","Energy Aquisition","autonomic","internal","batch-acclim","terrestrial",10.47419,"freshwater","topt",TRUE,FALSE,FALSE,FALSE,FALSE,"4"
"266",4,28,"2_0028","SP105","relative-growth-rate","Somatic Growth","autonomic","individual","batch-acclim","oceanic",36.8,"marine","left_bound_withopt",TRUE,TRUE,FALSE,TRUE,FALSE,"4"
"267",4,29,"2_0028","SP105","specific-growth-rate-mass","Somatic Growth","autonomic","individual","batch-acclim","oceanic",36.8,"marine","irregular",FALSE,FALSE,FALSE,FALSE,FALSE,"4"
"268",4,25,"2_0028","SP105","absolute-growth-rate-mass","Somatic Growth","autonomic","individual","batch-acclim","oceanic",36.8,"marine","left_bound_withopt",TRUE,TRUE,FALSE,TRUE,FALSE,"4"
"269",4,26,"2_0028","SP105","growth-efficiency","Somatic Growth","autonomic","internal","batch-acclim","oceanic",36.8,"marine","left_bound",FALSE,TRUE,FALSE,TRUE,FALSE,"4"
"270",5,192,"2_0070","SP106","critical-swimming-speed","Locomotion","negative","individual","acute-change","terrestrial",27.48333,"freshwater","topt",TRUE,FALSE,FALSE,FALSE,FALSE,"5"
"271",5,193,"2_0070","SP106","critical-swimming-speed","Locomotion","negative","individual","acute-change","terrestrial",27.48333,"freshwater","topt",TRUE,FALSE,FALSE,FALSE,FALSE,"5"
"272",5,194,"2_0070","SP106","critical-swimming-speed","Locomotion","negative","individual","acute-change","terrestrial",27.48333,"freshwater","topt",TRUE,FALSE,FALSE,FALSE,FALSE,"5"
"273",5,195,"2_0070","SP106","aerobic-scope","Metabolism","voluntary","internal","acute-change","terrestrial",27.48333,"freshwater","unbounded_increasing",FALSE,FALSE,FALSE,TRUE,FALSE,"5"
"274",5,196,"2_0070","SP106","aerobic-scope","Metabolism","voluntary","internal","acute-change","terrestrial",27.48333,"freshwater","unbounded_decreasing",FALSE,FALSE,FALSE,FALSE,TRUE,"5"
"275",5,197,"2_0070","SP106","aerobic-scope","Metabolism","voluntary","internal","acute-change","terrestrial",27.48333,"freshwater","irregular",FALSE,FALSE,FALSE,FALSE,FALSE,"5"
"276",4,198,"2_0071","SP107","specific-growth-rate-mass","Somatic Growth","autonomic","individual","batch-acclim","oceanic",43.2995,"marine","topt",TRUE,FALSE,FALSE,FALSE,FALSE,"4"
"277",5,202,"2_0072","SP9","aerobic-scope","Metabolism","voluntary","internal","batch-acclim","oceanic",56.02543,"marine","topt",TRUE,FALSE,FALSE,FALSE,FALSE,"5"
"278",5,199,"2_0072","SP9","aerobic-scope","Metabolism","voluntary","internal","batch-acclim","oceanic",56.02543,"marine","topt",TRUE,FALSE,FALSE,FALSE,FALSE,"5"
"279",5,201,"2_0072","SP9","aerobic-scope","Metabolism","voluntary","internal","batch-acclim","oceanic",56.02543,"marine","topt",TRUE,FALSE,FALSE,FALSE,FALSE,"5"
"280",6,205,"2_0073","SP55","specific-growth-rate-mass","Somatic Growth","autonomic","individual","batch-acclim","terrestrial",58.26289,"freshwater","left_bound_withopt",TRUE,TRUE,FALSE,TRUE,FALSE,"6"
"281",6,206,"2_0073","SP55","specific-growth-rate-mass","Somatic Growth","autonomic","individual","batch-acclim","terrestrial",58.26289,"freshwater","left_bound_withopt",TRUE,TRUE,FALSE,TRUE,FALSE,"6"
"282",6,203,"2_0073","SP55","prey-consumption","Energy Aquisition","positive","interaction","batch-acclim","terrestrial",58.26289,"freshwater","left_bound_withopt",TRUE,TRUE,FALSE,TRUE,FALSE,"6"
"283",6,204,"2_0073","SP55","prey-consumption","Energy Aquisition","positive","interaction","batch-acclim","terrestrial",58.26289,"freshwater","left_bound_withopt",TRUE,TRUE,FALSE,TRUE,FALSE,"6"
"284",6,207,"2_0074","SP108","burst-swim-speed","Locomotion","negative","individual","acute-change","oceanic",77.49672,"marine","topt",TRUE,FALSE,FALSE,FALSE,FALSE,"6"
"285",6,208,"2_0074","SP109","burst-swim-speed","Locomotion","negative","individual","acute-change","oceanic",77.49672,"marine","topt",TRUE,FALSE,FALSE,FALSE,FALSE,"6"
"286",5,209,"2_0074","SP90","burst-swim-speed","Locomotion","negative","individual","acute-change","oceanic",77.49672,"marine","irregular",FALSE,FALSE,FALSE,FALSE,FALSE,"5"
"287",10,210,"2_0075","SP12","proportion-hatched","Reproduction","autonomic","population","batch-acclim","terrestrial",47.60769,"freshwater","full_curve",TRUE,TRUE,TRUE,TRUE,TRUE,"7+"
"288",10,212,"2_0075","SP12","swim-up-rate","Reproduction","autonomic","population","batch-acclim","terrestrial",47.60769,"freshwater","full_curve",TRUE,TRUE,TRUE,TRUE,TRUE,"7+"
"289",4,221,"2_0083","SP111","maximum-metabolism","Metabolism","negative","internal","batch-acclim","oceanic",2.596319,"marine","topt",TRUE,FALSE,FALSE,FALSE,FALSE,"4"
"290",4,224,"2_0083","SP111","resting-metabolism","Metabolism","autonomic","internal","batch-acclim","oceanic",2.596319,"marine","unbounded_increasing",FALSE,FALSE,FALSE,TRUE,FALSE,"4"
"291",4,220,"2_0083","SP111","aerobic-scope","Metabolism","voluntary","internal","batch-acclim","oceanic",2.596319,"marine","right_bound_withopt",TRUE,FALSE,TRUE,FALSE,TRUE,"4"
"292",4,227,"2_0083","SP112","resting-metabolism","Metabolism","autonomic","internal","batch-acclim","oceanic",2.596319,"marine","unbounded_increasing",FALSE,FALSE,FALSE,TRUE,FALSE,"4"
"293",4,226,"2_0083","SP112","maximum-metabolism","Metabolism","negative","internal","batch-acclim","oceanic",2.596319,"marine","unbounded_decreasing",FALSE,FALSE,FALSE,FALSE,TRUE,"4"
"294",4,225,"2_0083","SP112","aerobic-scope","Metabolism","voluntary","internal","batch-acclim","oceanic",2.596319,"marine","unbounded_decreasing",FALSE,FALSE,FALSE,FALSE,TRUE,"4"
"295",4,229,"2_0083","SP113","maximum-metabolism","Metabolism","negative","internal","batch-acclim","oceanic",2.596319,"marine","unbounded_increasing",FALSE,FALSE,FALSE,TRUE,FALSE,"4"
"296",4,230,"2_0083","SP113","resting-metabolism","Metabolism","autonomic","internal","batch-acclim","oceanic",2.596319,"marine","unbounded_increasing",FALSE,FALSE,FALSE,TRUE,FALSE,"4"
"297",4,228,"2_0083","SP113","aerobic-scope","Metabolism","voluntary","internal","batch-acclim","oceanic",2.596319,"marine","topt",TRUE,FALSE,FALSE,FALSE,FALSE,"4"
"298",4,233,"2_0083","SP114","resting-metabolism","Metabolism","autonomic","internal","batch-acclim","oceanic",2.596319,"marine","unbounded_increasing",FALSE,FALSE,FALSE,TRUE,FALSE,"4"
"299",4,232,"2_0083","SP114","maximum-metabolism","Metabolism","negative","internal","batch-acclim","oceanic",2.596319,"marine","topt",TRUE,FALSE,FALSE,FALSE,FALSE,"4"
"300",4,231,"2_0083","SP114","aerobic-scope","Metabolism","voluntary","internal","batch-acclim","oceanic",2.596319,"marine","topt",TRUE,FALSE,FALSE,FALSE,FALSE,"4"
"301",4,237,"2_0083","SP115","resting-metabolism","Metabolism","autonomic","internal","batch-acclim","oceanic",2.596319,"marine","unbounded_increasing",FALSE,FALSE,FALSE,TRUE,FALSE,"4"
"302",4,236,"2_0083","SP115","maximum-metabolism","Metabolism","negative","internal","batch-acclim","oceanic",2.596319,"marine","unbounded_decreasing",FALSE,FALSE,FALSE,FALSE,TRUE,"4"
"303",4,235,"2_0083","SP115","aerobic-scope","Metabolism","voluntary","internal","batch-acclim","oceanic",2.596319,"marine","right_bound_withopt",TRUE,FALSE,TRUE,FALSE,TRUE,"4"
"304",6,213,"2_0079","SP9","specific-growth-rate-mass","Somatic Growth","autonomic","individual","batch-acclim","oceanic",63.54477,"marine","left_bound_withopt",TRUE,TRUE,FALSE,TRUE,FALSE,"6"
"305",6,216,"2_0079","SP9","specific-growth-rate-mass","Somatic Growth","autonomic","individual","batch-acclim","oceanic",63.54477,"marine","left_bound_withopt",TRUE,TRUE,FALSE,TRUE,FALSE,"6"
"306",6,218,"2_0079","SP9","specific-growth-rate-mass","Somatic Growth","autonomic","individual","batch-acclim","oceanic",63.54477,"marine","full_curve",TRUE,TRUE,TRUE,TRUE,TRUE,"6"
"307",5,215,"2_0079","SP9","specific-growth-rate-mass","Somatic Growth","autonomic","individual","batch-acclim","oceanic",63.54477,"marine","full_curve",TRUE,TRUE,TRUE,TRUE,TRUE,"5"
"308",4,219,"2_0079","SP9","specific-growth-rate-mass","Somatic Growth","autonomic","individual","batch-acclim","oceanic",63.54477,"marine","topt",TRUE,FALSE,FALSE,FALSE,FALSE,"4"
"309",4,214,"2_0079","SP9","specific-growth-rate-mass","Somatic Growth","autonomic","individual","batch-acclim","oceanic",63.54477,"marine","topt",TRUE,FALSE,FALSE,FALSE,FALSE,"4"
"310",4,217,"2_0079","SP9","specific-growth-rate-mass","Somatic Growth","autonomic","individual","batch-acclim","oceanic",63.54477,"marine","topt",TRUE,FALSE,FALSE,FALSE,FALSE,"4"
"311",8,239,"2_0085","SP116","proportion-hatched","Reproduction","autonomic","population","batch-acclim","terrestrial",53.76323,"freshwater","right_bound_withopt",TRUE,FALSE,TRUE,FALSE,TRUE,"7+"
"312",8,238,"2_0085","SP116","specific-growth-rate-mass","Somatic Growth","autonomic","individual","batch-acclim","terrestrial",53.76323,"freshwater","topt",TRUE,FALSE,FALSE,FALSE,FALSE,"7+"
"313",5,240,"2_0086","SP12","handling-time","Energy Aquisition","positive","interaction","acute-change","terrestrial",55.54506,"freshwater","unbounded_increasing",FALSE,FALSE,FALSE,TRUE,FALSE,"5"
"314",5,243,"2_0086","SP63","handling-time","Energy Aquisition","positive","interaction","acute-change","terrestrial",55.54506,"freshwater","unbounded_increasing",FALSE,FALSE,FALSE,TRUE,FALSE,"5"
"315",5,241,"2_0086","SP12","routine-swimming-speed","Locomotion","voluntary","individual","acute-change","terrestrial",55.54506,"freshwater","unbounded_increasing",FALSE,FALSE,FALSE,TRUE,FALSE,"5"
"316",5,244,"2_0086","SP63","routine-swimming-speed","Locomotion","voluntary","individual","acute-change","terrestrial",55.54506,"freshwater","unbounded_increasing",FALSE,FALSE,FALSE,TRUE,FALSE,"5"
"317",5,242,"2_0086","SP12","routine-swimming-speed","Locomotion","voluntary","individual","acute-change","terrestrial",55.54506,"freshwater","left_bound",FALSE,TRUE,FALSE,TRUE,FALSE,"5"
"318",5,246,"2_0086","SP63","routine-swimming-speed","Locomotion","voluntary","individual","acute-change","terrestrial",55.54506,"freshwater","topt",TRUE,FALSE,FALSE,FALSE,FALSE,"5"
"319",10,249,"2_0087","SP26","resting-heart-rate","Metabolism","autonomic","internal","acute-change","oceanic",54.36286,"marine","topt",TRUE,FALSE,FALSE,FALSE,FALSE,"7+"
"320",10,247,"2_0087","SP26","resting-heart-rate","Metabolism","autonomic","internal","acute-change","oceanic",54.36286,"marine","topt",TRUE,FALSE,FALSE,FALSE,FALSE,"7+"
"321",11,248,"2_0087","SP26","resting-heart-rate","Metabolism","autonomic","internal","acute-change","oceanic",54.36286,"marine","topt",TRUE,FALSE,FALSE,FALSE,FALSE,"7+"
"322",7,250,"2_0088","SP58","proportion-hatched","Reproduction","autonomic","population","batch-acclim","oceanic",41.1,"marine","full_curve",TRUE,TRUE,TRUE,TRUE,TRUE,"7+"
"323",8,251,"2_0089","SP12","aerobic-scope","Metabolism","voluntary","internal","acute-change","terrestrial",56.16821,"freshwater","topt",TRUE,FALSE,FALSE,FALSE,FALSE,"7+"
"324",4,252,"2_0090","SP117","specific-growth-rate-mass","Somatic Growth","autonomic","individual","batch-acclim","terrestrial",0.609165,"freshwater","full_curve",TRUE,TRUE,TRUE,TRUE,TRUE,"4"
"325",4,253,"2_0090","SP117","specific-growth-rate-mass","Somatic Growth","autonomic","individual","batch-acclim","terrestrial",1.477808,"freshwater","unbounded_decreasing",FALSE,FALSE,FALSE,FALSE,TRUE,"4"
"326",4,254,"2_0091","SP118","prey-consumption","Energy Aquisition","positive","interaction","batch-acclim","terrestrial",43.77321,"freshwater","topt",TRUE,FALSE,FALSE,FALSE,FALSE,"4"
"327",7,255,"2_0092","SP119","consumption-rate","Energy Aquisition","positive","interaction","acute-change","terrestrial",44.117,"freshwater","full_curve",TRUE,TRUE,TRUE,TRUE,TRUE,"7+"
"328",4,261,"2_0093","SP120","critical-swimming-speed","Locomotion","negative","individual","acute-change","oceanic",12.41731,"marine","topt",TRUE,FALSE,FALSE,FALSE,FALSE,"4"
"329",4,262,"2_0093","SP120","critical-swimming-speed","Locomotion","negative","individual","acute-change","oceanic",12.41731,"marine","unbounded_increasing",FALSE,FALSE,FALSE,TRUE,FALSE,"4"
"330",4,263,"2_0093","SP120","critical-swimming-speed","Locomotion","negative","individual","acute-change","oceanic",12.41731,"marine","irregular",FALSE,FALSE,FALSE,FALSE,FALSE,"4"
"331",4,264,"2_0093","SP120","critical-swimming-speed","Locomotion","negative","individual","acute-change","oceanic",12.41731,"marine","topt",TRUE,FALSE,FALSE,FALSE,FALSE,"4"
"332",4,257,"2_0093","SP120","aerobic-scope","Metabolism","voluntary","internal","acute-change","oceanic",12.41731,"marine","unbounded_increasing",FALSE,FALSE,FALSE,TRUE,FALSE,"4"
"333",4,258,"2_0093","SP120","aerobic-scope","Metabolism","voluntary","internal","acute-change","oceanic",12.41731,"marine","unbounded_increasing",FALSE,FALSE,FALSE,TRUE,FALSE,"4"
"334",4,259,"2_0093","SP120","aerobic-scope","Metabolism","voluntary","internal","acute-change","oceanic",12.41731,"marine","unbounded_increasing",FALSE,FALSE,FALSE,TRUE,FALSE,"4"
"335",4,260,"2_0093","SP120","aerobic-scope","Metabolism","voluntary","internal","acute-change","oceanic",12.41731,"marine","topt",TRUE,FALSE,FALSE,FALSE,FALSE,"4"
"336",5,269,"2_0094","SP121","embryonic-metabolism","Metabolism","autonomic","internal","acute-change","oceanic",77.8539,"marine","unbounded_increasing",FALSE,FALSE,FALSE,TRUE,FALSE,"5"
"337",5,265,"2_0094","SP121","embryonic-metabolism","Metabolism","autonomic","internal","acute-change","oceanic",77.8539,"marine","unbounded_increasing",FALSE,FALSE,FALSE,TRUE,FALSE,"5"
"338",5,266,"2_0094","SP121","embryonic-metabolism","Metabolism","autonomic","internal","acute-change","oceanic",77.8539,"marine","unbounded_increasing",FALSE,FALSE,FALSE,TRUE,FALSE,"5"
"339",5,268,"2_0094","SP121","embryonic-metabolism","Metabolism","autonomic","internal","acute-change","oceanic",77.8539,"marine","unbounded_increasing",FALSE,FALSE,FALSE,TRUE,FALSE,"5"
"340",4,274,"2_0095","SP82","consumption-rate","Energy Aquisition","positive","interaction","batch-acclim","oceanic",34.71141,"marine","topt",TRUE,FALSE,FALSE,FALSE,FALSE,"4"
"341",4,270,"2_0095","SP82","consumption-rate","Energy Aquisition","positive","interaction","batch-acclim","oceanic",34.71141,"marine","unbounded_increasing",FALSE,FALSE,FALSE,TRUE,FALSE,"4"
"342",4,271,"2_0095","SP82","consumption-rate","Energy Aquisition","positive","interaction","batch-acclim","oceanic",34.71141,"marine","unbounded_increasing",FALSE,FALSE,FALSE,TRUE,FALSE,"4"
"343",4,272,"2_0095","SP82","consumption-rate","Energy Aquisition","positive","interaction","batch-acclim","oceanic",34.71141,"marine","unbounded_increasing",FALSE,FALSE,FALSE,TRUE,FALSE,"4"
"344",4,273,"2_0095","SP82","consumption-rate","Energy Aquisition","positive","interaction","batch-acclim","oceanic",34.71141,"marine","left_bound_withopt",TRUE,TRUE,FALSE,TRUE,FALSE,"4"
"345",4,291,"2_0095","SP82","specific-growth-rate-mass","Somatic Growth","autonomic","individual","batch-acclim","oceanic",34.71141,"marine","left_bound",FALSE,TRUE,FALSE,TRUE,FALSE,"4"
"346",4,286,"2_0095","SP82","specific-growth-rate-mass","Somatic Growth","autonomic","individual","batch-acclim","oceanic",34.71141,"marine","left_bound",FALSE,TRUE,FALSE,TRUE,FALSE,"4"
"347",4,287,"2_0095","SP82","specific-growth-rate-mass","Somatic Growth","autonomic","individual","batch-acclim","oceanic",34.71141,"marine","left_bound",FALSE,TRUE,FALSE,TRUE,FALSE,"4"
"348",4,288,"2_0095","SP82","specific-growth-rate-mass","Somatic Growth","autonomic","individual","batch-acclim","oceanic",34.71141,"marine","left_bound",FALSE,TRUE,FALSE,TRUE,FALSE,"4"
"349",4,290,"2_0095","SP82","specific-growth-rate-mass","Somatic Growth","autonomic","individual","batch-acclim","oceanic",34.71141,"marine","left_bound",FALSE,TRUE,FALSE,TRUE,FALSE,"4"
"350",4,285,"2_0095","SP82","absolute-growth-rate-length","Somatic Growth","autonomic","individual","batch-acclim","oceanic",34.71141,"marine","left_bound",FALSE,TRUE,FALSE,TRUE,FALSE,"4"
"351",4,281,"2_0095","SP82","absolute-growth-rate-length","Somatic Growth","autonomic","individual","batch-acclim","oceanic",34.71141,"marine","left_bound",FALSE,TRUE,FALSE,TRUE,FALSE,"4"
"352",4,282,"2_0095","SP82","absolute-growth-rate-length","Somatic Growth","autonomic","individual","batch-acclim","oceanic",34.71141,"marine","left_bound",FALSE,TRUE,FALSE,TRUE,FALSE,"4"
"353",4,283,"2_0095","SP82","absolute-growth-rate-length","Somatic Growth","autonomic","individual","batch-acclim","oceanic",34.71141,"marine","left_bound",FALSE,TRUE,FALSE,TRUE,FALSE,"4"
"354",4,284,"2_0095","SP82","absolute-growth-rate-length","Somatic Growth","autonomic","individual","batch-acclim","oceanic",34.71141,"marine","left_bound",FALSE,TRUE,FALSE,TRUE,FALSE,"4"
"355",4,280,"2_0095","SP82","growth-efficiency","Somatic Growth","autonomic","internal","batch-acclim","oceanic",34.71141,"marine","unbounded_increasing",FALSE,FALSE,FALSE,TRUE,FALSE,"4"
"356",4,275,"2_0095","SP82","growth-efficiency","Somatic Growth","autonomic","internal","batch-acclim","oceanic",34.71141,"marine","unbounded_increasing",FALSE,FALSE,FALSE,TRUE,FALSE,"4"
"357",4,276,"2_0095","SP82","growth-efficiency","Somatic Growth","autonomic","internal","batch-acclim","oceanic",34.71141,"marine","unbounded_increasing",FALSE,FALSE,FALSE,TRUE,FALSE,"4"
"358",4,277,"2_0095","SP82","growth-efficiency","Somatic Growth","autonomic","internal","batch-acclim","oceanic",34.71141,"marine","unbounded_increasing",FALSE,FALSE,FALSE,TRUE,FALSE,"4"
"359",4,279,"2_0095","SP82","growth-efficiency","Somatic Growth","autonomic","internal","batch-acclim","oceanic",34.71141,"marine","unbounded_increasing",FALSE,FALSE,FALSE,TRUE,FALSE,"4"
"360",5,292,"2_0096","SP122","aerobic-scope","Metabolism","voluntary","internal","acute-change","terrestrial",0.032986,"freshwater","topt",TRUE,FALSE,FALSE,FALSE,FALSE,"5"
"361",15,293,"2_0097","SP56","maximum-heart-rate","Metabolism","negative","internal","acute-change","oceanic",69.11304,"marine","unbounded_increasing",FALSE,FALSE,FALSE,TRUE,FALSE,"7+"
"362",9,299,"2_0100","SP124","resting-metabolism","Metabolism","autonomic","internal","acute-change","oceanic",54.18442,"marine","left_bound",FALSE,TRUE,FALSE,TRUE,FALSE,"7+"
"363",14,298,"2_0100","SP124","resting-metabolism","Metabolism","autonomic","internal","acute-change","oceanic",54.48875,"marine","left_bound",FALSE,TRUE,FALSE,TRUE,FALSE,"7+"
"364",9,301,"2_0100","SP124","resting-metabolism","Metabolism","autonomic","internal","acute-change","oceanic",58.97711,"marine","unbounded_increasing",FALSE,FALSE,FALSE,TRUE,FALSE,"7+"
"365",6,307,"2_0103","SP21","routine-metabolism","Metabolism","autonomic","internal","acute-change","terrestrial",50.90265,"freshwater","unbounded_increasing",FALSE,FALSE,FALSE,TRUE,FALSE,"6"
"366",6,308,"2_0103","SP21","resting-metabolism","Metabolism","autonomic","internal","acute-change","terrestrial",50.90265,"freshwater","topt",TRUE,FALSE,FALSE,FALSE,FALSE,"6"
"367",6,309,"2_0103","SP21","resting-cardiac-output","Metabolism","autonomic","internal","acute-change","terrestrial",50.90265,"freshwater","unbounded_increasing",FALSE,FALSE,FALSE,TRUE,FALSE,"6"
"368",6,305,"2_0103","SP21","active-cardiac-output","Metabolism","autonomic","internal","acute-change","terrestrial",50.90265,"freshwater","topt",TRUE,FALSE,FALSE,FALSE,FALSE,"6"
"369",6,310,"2_0103","SP21","resting-heart-rate","Metabolism","autonomic","internal","acute-change","terrestrial",50.90265,"freshwater","topt",TRUE,FALSE,FALSE,FALSE,FALSE,"6"
"370",6,306,"2_0103","SP21","active-heart-rate","Metabolism","autonomic","internal","acute-change","terrestrial",50.90265,"freshwater","topt",TRUE,FALSE,FALSE,FALSE,FALSE,"6"
"371",4,312,"2_0105","SP127","routine-metabolism","Metabolism","autonomic","internal","acute-change","oceanic",38.14175,"marine","unbounded_increasing",FALSE,FALSE,FALSE,TRUE,FALSE,"4"
"372",5,315,"2_0106","SP128","consumption-rate","Energy Aquisition","positive","interaction","batch-acclim","oceanic",40.69672,"marine","topt",TRUE,FALSE,FALSE,FALSE,FALSE,"5"
"373",5,314,"2_0106","SP128","consumption-rate","Energy Aquisition","positive","interaction","batch-acclim","oceanic",40.69672,"marine","unbounded_increasing",FALSE,FALSE,FALSE,TRUE,FALSE,"5"
"374",5,313,"2_0106","SP128","consumption-rate","Energy Aquisition","positive","interaction","batch-acclim","oceanic",40.69672,"marine","unbounded_increasing",FALSE,FALSE,FALSE,TRUE,FALSE,"5"
"375",5,318,"2_0106","SP128","specific-growth-rate-mass","Somatic Growth","autonomic","individual","batch-acclim","oceanic",40.69672,"marine","topt",TRUE,FALSE,FALSE,FALSE,FALSE,"5"
"376",5,317,"2_0106","SP128","specific-growth-rate-mass","Somatic Growth","autonomic","individual","batch-acclim","oceanic",40.69672,"marine","unbounded_increasing",FALSE,FALSE,FALSE,TRUE,FALSE,"5"
"377",5,316,"2_0106","SP128","specific-growth-rate-mass","Somatic Growth","autonomic","individual","batch-acclim","oceanic",40.69672,"marine","unbounded_increasing",FALSE,FALSE,FALSE,TRUE,FALSE,"5"
"378",8,294,"2_0098","SP123","resting-heart-rate","Metabolism","autonomic","internal","batch-acclim","oceanic",37.77981,"marine","topt",TRUE,FALSE,FALSE,FALSE,FALSE,"7+"
"379",8,295,"2_0098","SP123","maximum-heart-rate","Metabolism","negative","internal","batch-acclim","oceanic",37.77981,"marine","unbounded_increasing",FALSE,FALSE,FALSE,TRUE,FALSE,"7+"
"380",7,296,"2_0099","SP7","routine-metabolism","Metabolism","autonomic","internal","batch-acclim","oceanic",54.42021,"marine","unbounded_increasing",FALSE,FALSE,FALSE,TRUE,FALSE,"7+"
"381",7,297,"2_0099","SP7","resting-metabolism","Metabolism","autonomic","internal","batch-acclim","oceanic",54.42021,"marine","unbounded_increasing",FALSE,FALSE,FALSE,TRUE,FALSE,"7+"
"382",4,304,"2_0102","SP125","aerobic-scope","Metabolism","voluntary","internal","batch-acclim","oceanic",39.85886,"marine","topt",TRUE,FALSE,FALSE,FALSE,FALSE,"4"
"383",8,302,"2_0101","SP35","routine-metabolism","Metabolism","autonomic","internal","batch-acclim","terrestrial",46.18071,"freshwater","unbounded_increasing",FALSE,FALSE,FALSE,TRUE,FALSE,"7+"
"384",8,303,"2_0101","SP35","routine-metabolism","Metabolism","autonomic","internal","batch-acclim","terrestrial",46.18071,"freshwater","topt",TRUE,FALSE,FALSE,FALSE,FALSE,"7+"
"385",4,323,"2_0107","SP122","resting-metabolism","Metabolism","autonomic","internal","batch-acclim","terrestrial",0.363926,"freshwater","unbounded_increasing",FALSE,FALSE,FALSE,TRUE,FALSE,"4"
"386",4,321,"2_0107","SP122","maximum-metabolism","Metabolism","negative","internal","batch-acclim","terrestrial",0.363926,"freshwater","topt",TRUE,FALSE,FALSE,FALSE,FALSE,"4"
"387",4,319,"2_0107","SP122","aerobic-scope","Metabolism","voluntary","internal","batch-acclim","terrestrial",0.363926,"freshwater","irregular",FALSE,FALSE,FALSE,FALSE,FALSE,"4"
"388",4,324,"2_0107","SP122","resting-metabolism","Metabolism","autonomic","internal","batch-acclim","terrestrial",0.037811,"freshwater","irregular",FALSE,FALSE,FALSE,FALSE,FALSE,"4"
"389",4,322,"2_0107","SP122","maximum-metabolism","Metabolism","negative","internal","batch-acclim","terrestrial",0.037811,"freshwater","irregular",FALSE,FALSE,FALSE,FALSE,FALSE,"4"
"390",4,320,"2_0107","SP122","aerobic-scope","Metabolism","voluntary","internal","batch-acclim","terrestrial",0.037811,"freshwater","irregular",FALSE,FALSE,FALSE,FALSE,FALSE,"4"
"391",4,328,"2_0108","SP129","specific-growth-rate-mass","Somatic Growth","autonomic","individual","batch-acclim","oceanic",36.26874,"marine","topt",TRUE,FALSE,FALSE,FALSE,FALSE,"4"
"392",4,326,"2_0108","SP129","aerobic-scope","Metabolism","voluntary","internal","batch-acclim","oceanic",36.26874,"marine","topt",TRUE,FALSE,FALSE,FALSE,FALSE,"4"
"393",4,327,"2_0108","SP129","maximum-metabolism","Metabolism","negative","internal","batch-acclim","oceanic",36.26874,"marine","topt",TRUE,FALSE,FALSE,FALSE,FALSE,"4"
"394",4,329,"2_0108","SP129","resting-metabolism","Metabolism","autonomic","internal","batch-acclim","oceanic",36.26874,"marine","unbounded_increasing",FALSE,FALSE,FALSE,TRUE,FALSE,"4"
"395",18,325,"2_0108","SP129","routine-metabolism-ramping","Metabolism","autonomic","internal","acute-change","oceanic",36.26874,"marine","full_curve",TRUE,TRUE,TRUE,TRUE,TRUE,"7+"
"396",4,330,"2_0109","SP130","resting-metabolism","Metabolism","autonomic","internal","batch-acclim","terrestrial",39.35966,"freshwater","unbounded_increasing",FALSE,FALSE,FALSE,TRUE,FALSE,"4"
"397",5,337,"2_0110","SP132","aerobic-scope","Metabolism","voluntary","internal","acute-change","oceanic",37.29938,"brackish","unbounded_increasing",FALSE,FALSE,FALSE,TRUE,FALSE,"5"
"398",5,334,"2_0110","SP131","aerobic-scope","Metabolism","voluntary","internal","acute-change","oceanic",37.29938,"brackish","irregular",FALSE,FALSE,FALSE,FALSE,FALSE,"5"
"399",5,336,"2_0110","SP132","maximum-metabolism","Metabolism","negative","internal","acute-change","oceanic",37.29938,"brackish","unbounded_increasing",FALSE,FALSE,FALSE,TRUE,FALSE,"5"
"400",5,331,"2_0110","SP131","maximum-metabolism","Metabolism","negative","internal","acute-change","oceanic",37.29938,"brackish","unbounded_increasing",FALSE,FALSE,FALSE,TRUE,FALSE,"5"
"401",5,338,"2_0110","SP132","resting-metabolism","Metabolism","autonomic","internal","acute-change","oceanic",37.29938,"brackish","unbounded_increasing",FALSE,FALSE,FALSE,TRUE,FALSE,"5"
"402",5,335,"2_0110","SP131","resting-metabolism","Metabolism","autonomic","internal","acute-change","oceanic",37.29938,"brackish","unbounded_increasing",FALSE,FALSE,FALSE,TRUE,FALSE,"5"
"403",4,339,"2_0111","SP44","specific-daily-metabolic-demand","Metabolism","autonomic","internal","batch-acclim","terrestrial",37.03969,"freshwater","unbounded_increasing",FALSE,FALSE,FALSE,TRUE,FALSE,"4"
"404",20,341,"2_0112","SP55","maximum-heart-rate","Metabolism","negative","internal","acute-change","terrestrial",69.12971,"freshwater","topt",TRUE,FALSE,FALSE,FALSE,FALSE,"7+"
"405",8,343,"2_0112","SP55","resting-metabolism","Metabolism","autonomic","internal","acute-change","terrestrial",69.12971,"freshwater","unbounded_increasing",FALSE,FALSE,FALSE,TRUE,FALSE,"7+"
"406",8,342,"2_0112","SP55","maximum-metabolism","Metabolism","negative","internal","acute-change","terrestrial",69.12971,"freshwater","unbounded_increasing",FALSE,FALSE,FALSE,TRUE,FALSE,"7+"
"407",8,340,"2_0112","SP55","aerobic-scope","Metabolism","voluntary","internal","acute-change","terrestrial",69.12971,"freshwater","irregular",FALSE,FALSE,FALSE,FALSE,FALSE,"7+"
"408",7,345,"2_0113","SP133","absolute-growth-rate-length","Somatic Growth","autonomic","individual","batch-acclim","terrestrial",29.71167,"freshwater","topt",TRUE,FALSE,FALSE,FALSE,FALSE,"7+"
"409",4,347,"2_0114","SP134","maximum-metabolism","Metabolism","negative","internal","acute-change","oceanic",34.43077,"marine","unbounded_increasing",FALSE,FALSE,FALSE,TRUE,FALSE,"4"
"410",4,348,"2_0114","SP134","resting-metabolism","Metabolism","autonomic","internal","acute-change","oceanic",34.43077,"marine","unbounded_increasing",FALSE,FALSE,FALSE,TRUE,FALSE,"4"
"411",4,346,"2_0114","SP134","aerobic-scope","Metabolism","voluntary","internal","acute-change","oceanic",34.43077,"marine","unbounded_increasing",FALSE,FALSE,FALSE,TRUE,FALSE,"4"
"412",5,349,"2_0115","SP9","early-life-growth-rate-length","Somatic Growth","autonomic","individual","batch-acclim","oceanic",43.48184,"marine","topt",TRUE,FALSE,FALSE,FALSE,FALSE,"5"
"413",5,350,"2_0115","SP9","yolk-utilization-rate","Somatic Growth","autonomic","internal","batch-acclim","oceanic",43.48184,"marine","topt",TRUE,FALSE,FALSE,FALSE,FALSE,"5"
"414",4,351,"2_0117","SP135","consumption-rate","Energy Aquisition","positive","interaction","batch-acclim","terrestrial",45.7396,"freshwater","unbounded_increasing",FALSE,FALSE,FALSE,TRUE,FALSE,"4"
"415",10,416,"1_0020","SP20","routine-swimming-speed","Locomotion","voluntary","individual","batch-acclim","oceanic",33.9,"marine","unbounded_increasing",FALSE,FALSE,FALSE,TRUE,FALSE,"7+"
"416",4,417,"1_0022","SP22","critical-swimming-speed","Locomotion","negative","individual","acute-change","terrestrial",25.0333,"freshwater","topt",TRUE,FALSE,FALSE,FALSE,FALSE,"4"
"417",4,418,"1_0028","SP27","max-acceleration-escape-response","Locomotion","negative","individual","batch-acclim","oceanic",41.1558,"marine","unbounded_increasing",FALSE,FALSE,FALSE,TRUE,FALSE,"4"
"418",4,421,"1_0028","SP27","burst-swim-speed","Locomotion","negative","individual","batch-acclim","oceanic",41.1558,"marine","unbounded_increasing",FALSE,FALSE,FALSE,TRUE,FALSE,"4"
"419",4,420,"1_0028","SP27","max-angular-velocity-escape-response","Locomotion","negative","individual","batch-acclim","oceanic",41.1558,"marine","unbounded_increasing",FALSE,FALSE,FALSE,TRUE,FALSE,"4"
"420",4,419,"1_0028","SP27","max-angular-acceleration-escape-response","Locomotion","negative","individual","batch-acclim","oceanic",41.1558,"marine","unbounded_increasing",FALSE,FALSE,FALSE,TRUE,FALSE,"4"
"421",12,423,"2_0006","SP46","critical-swimming-speed","Locomotion","negative","individual","acute-change","oceanic",24.83472,"marine","topt",TRUE,FALSE,FALSE,FALSE,FALSE,"7+"
"422",12,422,"2_0006","SP46","aerobic-scope","Metabolism","voluntary","internal","acute-change","oceanic",24.83472,"marine","unbounded_decreasing",FALSE,FALSE,FALSE,FALSE,TRUE,"7+"
"423",5,424,"2_0043","SP83","activity","Locomotion","voluntary","individual","batch-acclim","terrestrial",39.1,"freshwater","left_bound_withopt",TRUE,TRUE,FALSE,TRUE,FALSE,"5"
"424",5,426,"2_0043","SP84","activity","Locomotion","voluntary","individual","batch-acclim","terrestrial",39.1,"freshwater","unbounded_decreasing",FALSE,FALSE,FALSE,FALSE,TRUE,"5"
"425",5,425,"2_0043","SP83","critical-swimming-speed","Locomotion","negative","individual","batch-acclim","terrestrial",39.1,"freshwater","topt",TRUE,FALSE,FALSE,FALSE,FALSE,"5"
"426",5,427,"2_0043","SP84","critical-swimming-speed","Locomotion","negative","individual","batch-acclim","terrestrial",39.1,"freshwater","topt",TRUE,FALSE,FALSE,FALSE,FALSE,"5"
"427",6,428,"2_0054","SP91","tank-specific-growth-rate","Somatic Growth","autonomic","individual","batch-acclim","terrestrial",41.72596,"freshwater","unbounded_decreasing",FALSE,FALSE,FALSE,FALSE,TRUE,"6"
"428",4,430,"2_0055","SP92","burst-swim-speed","Locomotion","negative","individual","acute-change","oceanic",27.43207,"marine","unbounded_increasing",FALSE,FALSE,FALSE,TRUE,FALSE,"4"
"429",4,429,"2_0055","SP92","burst-swim-speed","Locomotion","negative","individual","acute-change","oceanic",27.43207,"marine","unbounded_increasing",FALSE,FALSE,FALSE,TRUE,FALSE,"4"
"430",5,432,"2_0055","SP92","aerobic-scope","Metabolism","voluntary","internal","acute-change","oceanic",27.43207,"marine","left_bound_withopt",TRUE,TRUE,FALSE,TRUE,FALSE,"5"
"431",5,431,"2_0055","SP92","aerobic-scope","Metabolism","voluntary","internal","acute-change","oceanic",27.43207,"marine","unbounded_increasing",FALSE,FALSE,FALSE,TRUE,FALSE,"5"
"432",8,433,"2_0058","SP35","standardized-growth","Somatic Growth","autonomic","individual","batch-acclim","terrestrial",59,"freshwater","left_bound_withopt",TRUE,TRUE,FALSE,TRUE,FALSE,"7+"
"433",8,434,"2_0058","SP35","standardized-growth","Somatic Growth","autonomic","individual","batch-acclim","terrestrial",59,"freshwater","full_curve",TRUE,TRUE,TRUE,TRUE,TRUE,"7+"
"434",8,435,"2_0058","SP35","standardized-growth","Somatic Growth","autonomic","individual","batch-acclim","terrestrial",59,"freshwater","full_curve",TRUE,TRUE,TRUE,TRUE,TRUE,"7+"
"435",12,437,"2_0062","SP98","aerobic-scope","Metabolism","voluntary","internal","acute-change","terrestrial",49.2655,"freshwater","right_bound_withopt",TRUE,FALSE,TRUE,FALSE,TRUE,"7+"
"436",13,436,"2_0062","SP98","aerobic-scope","Metabolism","voluntary","internal","acute-change","terrestrial",49.2655,"freshwater","topt",TRUE,FALSE,FALSE,FALSE,FALSE,"7+"
"437",14,439,"2_0062","SP98","maximum-swimming-speed","Locomotion","negative","individual","acute-change","terrestrial",49.2655,"freshwater","topt",TRUE,FALSE,FALSE,FALSE,FALSE,"7+"
"438",13,438,"2_0062","SP98","maximum-swimming-speed","Locomotion","negative","individual","acute-change","terrestrial",49.2655,"freshwater","topt",TRUE,FALSE,FALSE,FALSE,FALSE,"7+"
"439",8,440,"2_0067","SP101","aerobic-scope","Metabolism","voluntary","internal","batch-acclim","terrestrial",37.22,"freshwater","topt",TRUE,FALSE,FALSE,FALSE,FALSE,"7+"
"440",8,441,"2_0068","SP102","specific-growth-rate-mass","Somatic Growth","autonomic","individual","acute-change","oceanic",63.56406,"marine","full_curve",TRUE,TRUE,TRUE,TRUE,TRUE,"7+"
"441",5,442,"2_0076","SP92","burst-swim-speed","Locomotion","negative","individual","acute-change","oceanic",23.4438,"marine","topt",TRUE,FALSE,FALSE,FALSE,FALSE,"5"
"442",5,443,"2_0076","SP92","routine-metabolism","Metabolism","autonomic","internal","acute-change","oceanic",23.4438,"marine","left_bound",FALSE,TRUE,FALSE,TRUE,FALSE,"5"
"443",6,444,"2_0077","SP110","proportion-hatched","Reproduction","autonomic","population","batch-acclim","oceanic",41.48902,"marine","topt",TRUE,FALSE,FALSE,FALSE,FALSE,"6"
"444",4,445,"2_0078","SP9","maximum-metabolism","Metabolism","negative","internal","batch-acclim","oceanic",57.57662,"marine","topt",TRUE,FALSE,FALSE,FALSE,FALSE,"4"
"445",8,451,"2_0084","SP76","survival","Survival","autonomic","population","batch-acclim","oceanic",42.91667,"marine","right_bound_withopt",TRUE,FALSE,TRUE,FALSE,TRUE,"7+"
"446",8,448,"2_0084","SP45","survival","Survival","autonomic","population","batch-acclim","oceanic",31.03277,"marine","full_curve",TRUE,TRUE,TRUE,TRUE,TRUE,"7+"
"447",7,449,"2_0084","SP76","development-rate","Reproduction","autonomic","population","batch-acclim","oceanic",42.91667,"marine","left_bound_withopt",TRUE,TRUE,FALSE,TRUE,FALSE,"7+"
"448",7,446,"2_0084","SP45","development-rate","Reproduction","autonomic","population","batch-acclim","oceanic",31.03277,"marine","left_bound_withopt",TRUE,TRUE,FALSE,TRUE,FALSE,"7+"
"449",6,450,"2_0084","SP76","early-life-growth-rate-length","Somatic Growth","autonomic","individual","batch-acclim","oceanic",42.91667,"marine","topt",TRUE,FALSE,FALSE,FALSE,FALSE,"6"
"450",6,447,"2_0084","SP45","early-life-growth-rate-length","Somatic Growth","autonomic","individual","batch-acclim","oceanic",31.03277,"marine","topt",TRUE,FALSE,FALSE,FALSE,FALSE,"6"
"451",5,452,"2_0104","SP126","maximum-metabolism","Metabolism","negative","internal","batch-acclim","terrestrial",44.23992,"freshwater","unbounded_increasing",FALSE,FALSE,FALSE,TRUE,FALSE,"5"
"452",5,453,"2_0104","SP126","resting-metabolism","Metabolism","autonomic","internal","batch-acclim","terrestrial",44.23992,"freshwater","unbounded_increasing",FALSE,FALSE,FALSE,TRUE,FALSE,"5"
"453",13,454,"2_0114","SP134","resting-heart-rate","Metabolism","autonomic","internal","acute-change","oceanic",34.43077,"marine","unbounded_increasing",FALSE,FALSE,FALSE,TRUE,FALSE,"7+"
"454",9,455,"2_0116","SP55","critical-swimming-speed","Locomotion","negative","individual","acute-change","terrestrial",68.75,"freshwater","topt",TRUE,FALSE,FALSE,FALSE,FALSE,"7+"
"455",4,461,"2_0044","SP85","resting-metabolism","Metabolism","autonomic","internal","acute-change","terrestrial",24.82944,"brackish","unbounded_increasing",FALSE,FALSE,FALSE,TRUE,FALSE,"4"
"456",4,459,"2_0044","SP85","maximum-metabolism","Metabolism","negative","internal","acute-change","terrestrial",24.82944,"brackish","unbounded_increasing",FALSE,FALSE,FALSE,TRUE,FALSE,"4"
"457",4,457,"2_0044","SP85","aerobic-scope","Metabolism","voluntary","internal","acute-change","terrestrial",24.82944,"brackish","unbounded_increasing",FALSE,FALSE,FALSE,TRUE,FALSE,"4"
