"mean","sd","min","max","q2.5","q97.5","latitude","longitude"
9.60369300842285,6.13734483718872,-0.469285696744919,20.8764514923096,0.620029985904694,19.3388061523438,54.4833,10.25
23.9535179138184,1.9646862745285,20.1935482025146,28.0472412109375,20.8328990936279,27.1084518432617,-27.6,153.5
7.47021007537842,2.31730818748474,3.76612901687622,12.7625799179077,4.26895141601562,11.7486772537231,64.4,-22.9
12.6714658737183,1.25881326198578,9.71838665008545,16.4109668731689,10.6311283111572,15.2214040756226,-39.446575,-73.207611
20.1074142456055,4.11585807800293,13.3942852020264,29.0283870697021,14.2297134399414,27.3308696746826,35.072728,138.855695
10.4356241226196,5.11090469360352,2.53645157814026,20.4506454467773,3.34770965576172,19.1922912597656,42.91278,-70.79087
22.0389347076416,5.32286357879639,9.88483810424805,30.1819343566895,12.7717580795288,29.4349098205566,31.12528,-81.34167
-0.625259697437286,1.62814939022064,-1.79999995231628,7.26741933822632,-1.78393769264221,3.71887946128845,70.382985,-148.552005
6.88757514953613,2.59911775588989,2.41967725753784,13.0903224945068,3.23983860015869,12.0069341659546,57.822,-152.626
9.69019031524658,1.52751064300537,6.61464262008667,13.870644569397,7.32387065887451,12.71950340271,48.135,-122.76
22.6159706115723,4.04089593887329,16.1245155334473,29.9851608276367,16.8379783630371,28.9125804901123,32.706009,34.9371
1.9734628200531,1.90416967868805,-1.53310346603394,8.21419334411621,-0.626290321350098,6.61835479736328,79,12
24.4303703308105,2.17788553237915,20.584192276001,28.7746429443359,21.0130653381348,28.0455799102783,-23.441133,151.9099
26.8211612701416,1.72439432144165,23.3567733764648,30.1167736053467,23.8848609924316,29.5931606292725,-14.221809,145.052195
21.1494121551514,1.73591613769531,17.310998916626,25.2489643096924,18.3708381652832,24.5248641967773,-33.5,27.116667
-0.211391240358353,1.08661389350891,-1.77064514160156,2.6651611328125,-1.61077094078064,1.7659410238266,-62.18291,-58.989192
10.7752466201782,2.93579840660095,5.19999980926514,17.7441940307617,6.14515447616577,15.7700290679932,55.7,-4.9
9.74715518951416,2.85806083679199,4.58964252471924,15.2870960235596,5.42218923568726,14.4179353713989,56.346025,-2.80131
7.03718233108521,2.52588963508606,2.25103449821472,13.0748386383057,3.51352214813232,11.875358581543,57.766667,-152.35
10.9876384735107,5.56181955337524,2.526451587677,21.9980640411377,3.45571422576904,20.4805469512939,41.689391,-69.892264
16.1059608459473,6.83924770355225,3.15392851829529,26.9174194335938,5.48174858093262,26.1629981994629,36.8,-75.7
9.02125644683838,2.72989892959595,4.61483860015869,15.6261291503906,5.30821418762207,14.2944097518921,56.94,-136.134
22.5492210388184,4.08171510696411,16.1538715362549,30.1335487365723,16.7893543243408,28.9964389801025,33.9,35.4
21.5264892578125,4.38284921646118,10.6693105697632,28.7322578430176,13.1770324707031,28.1177558898926,34.719902,-76.747483
10.4356241226196,5.11090469360352,2.53645157814026,20.4506454467773,3.34770965576172,19.1922912597656,42.93182,-70.795463
21.5264892578125,4.38284921646118,10.6693105697632,28.7322578430176,13.1770324707031,28.1177558898926,34.7,-76.7
19.5561847686768,3.90614676475525,10.9667739868164,26.481071472168,13.1813220977783,25.4284973144531,-31.775644,-52.222776
11.6832838058472,1.67843687534332,7.82214260101318,17.6006660461426,8.85139942169189,15.1210994720459,44.617978,-124.024744
14.1459617614746,6.98107147216797,1.10607135295868,25.9248371124268,3.80835700035095,24.4928703308105,38.666667,-75.0834
11.8454027175903,3.66909885406494,5.15161275863647,18.8645153045654,6.06432771682739,17.6906452178955,52.533333,-4.016667
-1.51071083545685,0.193984404206276,-1.79999995231628,0.131428569555283,-1.79287958145142,-1.08574306964874,-77.780036,166.461035
6.21279954910278,1.84079873561859,2.12964272499084,10.6470966339111,3.17849516868591,9.74674129486084,66.17,-25.07
8.16012668609619,2.18688416481018,2.8477418422699,13.1874189376831,4.75367403030396,12.1305999755859,56.3835,-134.6466
12.0833053588867,1.92717707157135,7.95321416854858,17.6373329162598,8.96358394622803,15.8210325241089,44.634484,-124.594131
-0.662131667137146,1.65716588497162,-1.78161287307739,8.79677391052246,-1.73216557502747,4.4148383140564,69.197262,-104.917459
9.46320056915283,5.57689142227173,-1.12999999523163,20.6403217315674,0.570516109466553,18.8018703460693,55.966667,12.633333
16.5016613006592,3.5256507396698,9.79322528839111,24.4835472106934,11.965934753418,22.6813850402832,43.299502,-2.262296
9.73157787322998,5.85807752609253,-0.228928565979004,20.9606437683105,0.620327174663544,19.2555484771729,56.02543,12.671526
-1.46972751617432,0.292158901691437,-1.79999995231628,0.179032251238823,-1.79999995231628,-0.70332258939743,-77.496725,164.886846
29.598705291748,0.510690629482269,27.8632259368896,30.9954833984375,28.4974670410156,30.441967010498,-2.596319,150.770044
8.21031475067139,1.88960647583008,4.85096740722656,12.7870969772339,5.69096755981445,11.9359998703003,63.544768,-20.240935
9.53703594207764,6.20599746704102,-0.499642848968506,20.919677734375,0.588016092777252,19.3310642242432,54.36286,10.167595
14.1437711715698,5.51054334640503,3.3213791847229,26.0616130828857,5.74665307998657,23.6500587463379,41.1,140.81667
28.8916816711426,1.82451844215393,23.7764511108398,32.1448364257812,25.0315475463867,31.2555160522461,-12.417306,130.830864
-1.51333439350128,0.192689955234528,-1.79999995231628,0.143571421504021,-1.79823327064514,-1.10396778583527,-77.8539,166.6654
21.5264892578125,4.38284921646118,10.6693105697632,28.7322578430176,13.1770324707031,28.1177558898926,34.71141,-76.67062
-0.686780154705048,1.58656787872314,-1.77193546295166,7.87225770950317,-1.71893537044525,4.27358055114746,69.113042,-105.055513
10.6255331039429,5.01013946533203,0.216896548867226,19.4051609039307,2.50451040267944,18.6003932952881,54.184421,7.892737
9.60369300842285,6.13734483718872,-0.469285696744919,20.8764514923096,0.620029985904694,19.3388061523438,54.488751,10.33433
9.77319622039795,4.0194878578186,2.41964268684387,18.7890319824219,3.68238687515259,16.7655792236328,58.97711,5.729365
11.9614610671997,1.32160127162933,8.83903217315674,16.7910003662109,9.74650573730469,14.8220729827881,38.141754,-122.88767
13.1308097839355,6.59229230880737,2.03999996185303,24.724193572998,3.49783873558044,23.5728702545166,40.696721,-73.169374
19.3828926086426,4.24898767471313,13.3346424102783,27.8825798034668,13.8613443374634,26.6772727966309,37.779806,-0.780086
9.60369300842285,6.13734483718872,-0.469285696744919,20.8764514923096,0.620029985904694,19.3388061523438,54.420205,10.271993
18.5584888458252,4.01722812652588,12.6346426010132,26.6099987030029,13.2566995620728,25.5113544464111,39.85886238,8.492683505
17.4927959442139,2.50754618644714,12.5533332824707,22.6299991607666,13.6818380355835,21.8071365356445,-36.268743,174.79826
15.6436815261841,7.7193922996521,1.46321427822113,28.3699989318848,3.51084208488464,27.0198707580566,37.299378,-76.202607
15.4923305511475,1.96524667739868,11.895806312561,21.9879989624023,12.4201993942261,19.3887405395508,34.430767,-119.916717
8.0109395980835,4.49525737762451,0.456774175167084,17.4076671600342,1.47234439849854,15.3719997406006,43.481843,-65.627927
15.6834850311279,1.52715694904327,12.1619997024536,20.9851608276367,13.416934967041,19.0038261413574,-33.9,18.4
12.5059671401978,7.61098527908325,-0.810000002384186,26.3645153045654,0.798006176948547,24.0260639190674,41.155797,-73.184384
26.7282981872559,2.0238196849823,22.9122581481934,30.6935482025146,23.5619564056396,29.9701290130615,24.83472,-76.34222
23.9015789031982,2.01433515548706,20.1245155334473,28.1179313659668,20.6901607513428,27.1650943756104,-27.43207,153.54414
6.40816164016724,5.54157209396362,-1.05071425437927,18.7203216552734,-0.0950126722455025,16.6496124267578,63.564055,19.833795
24.4303703308105,2.17788553237915,20.584192276001,28.7746429443359,21.0130653381348,28.0455799102783,-23.4438,151.9151
14.0185737609863,5.48133325576782,2.72758603096008,25.795804977417,5.36778783798218,23.4483833312988,41.489019,140.99671
10.3439283370972,2.0410635471344,6.11903190612793,14.5577411651611,6.97604274749756,13.6502656936646,57.576618,-5.743234
10.4356241226196,5.11090469360352,2.53645157814026,20.4506454467773,3.34770965576172,19.1922912597656,42.916667,-70.85
22.0389347076416,5.32286357879639,9.88483810424805,30.1819343566895,12.7717580795288,29.4349098205566,31.032771,-81.41466
