species_ID,kingdom,phylum,superclass,class,superorder,order,suborder,family,subfamily,genus,wormsid_genus,species_name,wormsid_species,subspecies
SP46,Animalia,Chordata,Actinopterygii,Teleostei,Elopomorpha,Albuliformes,Albuloidei,Albulidae,Albulinae,Albula,161120,Albula vulpes,161121,
SP91,Animalia,Chordata,Actinopterygii,Teleostei,Clupeomorpha,Clupeiformes,Clupeoidei,Clupeidae,Alosinae,Alosa,161701,Alosa aestivalis,161703,
SP66,Animalia,Chordata,Actinopterygii,Teleostei,Ostariophysi,Siluriformes,NA,Ictaluridae,NA,Ameiurus,164034,Ameiurus nebulosus,164043,
SP33,Animalia,Chordata,Actinopterygii,Teleostei,Elopomorpha,Anguilliformes,Anguilloidei,Anguillidae,NA,Anguilla,161126,Anguilla rostrata,161127,
SP74,Animalia,Chordata,Actinopterygii,Teleostei,Acanthopterygii,Scorpaeniformes,Anoplopomatoidei,Anoplopomatidae,NA,Anoplopoma,167122,Anoplopoma fimbria,167123,
SP15,Animalia,Chordata,Actinopterygii,Teleostei,Acanthopterygii,Cyprinodontiformes,Cyprinodontoidei,Cyprinodontidae,Cyprinodontinae,Aphanius,165721,aphanius dispar,165722,
SP87,Animalia,Chordata,Actinopterygii,Teleostei,Acanthopterygii,Cyprinodontiformes,Aplocheiloidei,Aplocheilidae,Rivulinae,Megalebias,646872,Megalebias wolterstorffi,647389,
SP92,Animalia,Chordata,Actinopterygii,Teleostei,Acanthopterygii,Perciformes,Gobioidei,Gobiidae,NA,Bathygobius,171817,Bathygobius cocosensis,553398,
SP61,Animalia,Chordata,Actinopterygii,Teleostei,Acanthopterygii,Perciformes,Anabantoidei,Osphronemidae,Macropodinae,Betta,172610,Betta rubra,638726,
SP56,Animalia,Chordata,Actinopterygii,Teleostei,Paracanthopterygii,Gadiformes,NA,Gadidae,Gadinae,Boreogadus,164705,Boreogadus saida,164706,
SP84,Animalia,Chordata,Actinopterygii,Teleostei,Ostariophysi,Cypriniformes,NA,Leuciscidae,Pogonichthyinae,Campostoma,163507,campostoma anomalum,163508,
SP69,Animalia,Chordata,Actinopterygii,Teleostei,Acanthopterygii,Atheriniformes,NA,Atherinopsidae,Menidiinae,Chirostoma,166063,Chirostoma estor,630719,
SP83,Animalia,Chordata,Actinopterygii,Teleostei,Ostariophysi,Cypriniformes,NA,Leuciscidae,Laviniinae,Chrosomus,913982,chrosomus erythrogaster,913994,
SP26,Animalia,Chordata,Actinopterygii,Teleostei,Clupeomorpha,Clupeiformes,Clupeoidei,Clupeidae,Clupeinae,Clupea,161721,Clupea harengus,161722,
SP49,Animalia,Chordata,Actinopterygii,Teleostei,Protacanthopterygii,Salmoniformes,NA,Salmonidae,Coregoninae,Coregonus,161932,Coregonus clupeaformis,161941,
SP64,Animalia,Chordata,Actinopterygii,Teleostei,Protacanthopterygii,Salmoniformes,NA,Salmonidae,Coregoninae,Coregonus,161932,Coregonus hoyi,623394,
SP5,Animalia,Chordata,Actinopterygii,Teleostei,Acanthopterygii,Perciformes,Percoidei,Moronidae,NA,Dicentrarchus,170316,dicentrarchus labrax,170317,
SP40,Animalia,Chordata,Actinopterygii,Teleostei,Acanthopterygii,Perciformes,Notothenioidei,Nototheniidae,NA,Eleginops,642496,Eleginops maclovinus,642813,
SP57,Animalia,Chordata,Actinopterygii,Teleostei,Paracanthopterygii,Gadiformes,NA,Gadidae,Gadinae,Eleginus,164707,Eleginus gracilis,164708,
SP45,Animalia,Chordata,Actinopterygii,Teleostei,Acanthopterygii,Cyprinodontiformes,Cyprinodontoidei,Fundulidae,NA,Fundulus,165644,Fundulus heteroclitus,165647,
SP70,Animalia,Chordata,Actinopterygii,Teleostei,Acanthopterygii,Cyprinodontiformes,Cyprinodontoidei,Fundulidae,NA,Fundulus,165644,Fundulus diaphanus,165646,
SP76,Animalia,Chordata,Actinopterygii,Teleostei,Acanthopterygii,Cyprinodontiformes,Cyprinodontoidei,Fundulidae,NA,Fundulus,165644,Fundulus heteroclitus,165647,macrolepidotus
SP9,Animalia,Chordata,Actinopterygii,Teleostei,Paracanthopterygii,Gadiformes,NA,Gadidae,Gadinae,Gadus,164710,gadus morhua,164712,
SP58,Animalia,Chordata,Actinopterygii,Teleostei,Paracanthopterygii,Gadiformes,NA,Gadidae,Gadinae,Gadus,164710,Gadus macrocephalus,164711,
SP59,Animalia,Chordata,Actinopterygii,Teleostei,Paracanthopterygii,Gadiformes,NA,Gadidae,Gadinae,Gadus,164710,Gadus chalcogrammus,934083,
SP19,Animalia,Chordata,Actinopterygii,Teleostei,Acanthopterygii,Cyprinodontiformes,NA,Poeciliidae,Poeciliinae,Gambusia,NA,Gambusia holbrooki,165896,
SP71,Animalia,Chordata,Actinopterygii,Teleostei,Ostariophysi,Cypriniformes,NA,Cyprinidae,NA,Garra,163704,Garra rufa,689117,
SP30,Animalia,Chordata,Actinopterygii,Teleostei,Acanthopterygii,Perciformes,Labroidei,Cichlidae,NA,Geophagus,169914,geophagus brasiliensis,169915,
SP63,Animalia,Chordata,Actinopterygii,Teleostei,Acanthopterygii,Perciformes,Percoidei,Percidae,NA,Gymnocephalus,168519,Gymnocephalus cernuus,168520,
SP67,Animalia,Chordata,Actinopterygii,Teleostei,Acanthopterygii,Perciformes,Notothenioidei,Harpagiferidae,Harpagiferinae,Harpagifer,642458,Harpagifer antarcticus,642860,
SP38,Animalia,Chordata,Actinopterygii,Teleostei,Acanthopterygii,Pleuronectiformes,Pleuronectoidei,Pleuronectidae,Hippoglossinae,Hippoglossus,172931,hippoglossus hippoglossus,172933,
SP8,Animalia,Chordata,Actinopterygii,Teleostei,Ostariophysi,Cypriniformes,NA,Catostomidae,Ictiobinae,Ictiobus,163954,ictiobus bubalus,163955,
SP77,Animalia,Chordata,Actinopterygii,Teleostei,Ostariophysi,Cypriniformes,NA,Leuciscidae,Plagopterinae,Lepidomeda,163570,Lepidomeda copei,913987,
SP86,Animalia,Chordata,Actinopterygii,Teleostei,Acanthopterygii,Pleuronectiformes,Pleuronectoidei,Pleuronectidae,Pleuronectinae,Lepidopsetta,172879,Lepidopsetta polyxystra,616392,
SP42,Animalia,Chordata,Actinopterygii,Teleostei,Acanthopterygii,Perciformes,Percoidei,Centrarchidae,NA,Lepomis,168130,Lepomis macrochirus,168141,
SP60,Animalia,Chordata,Actinopterygii,Teleostei,Paracanthopterygii,Gadiformes,NA,Gadidae,Lotinae,Lota,164724,Lota lota,164725,
SP82,Animalia,Chordata,Actinopterygii,Teleostei,Acanthopterygii,Perciformes,Percoidei,Lutjanidae,Lutjaninae,Lutjanus,168846,Lutjanus griseus,168848,
SP85,Animalia,Chordata,Actinopterygii,Teleostei,Acanthopterygii,Perciformes,Percoidei,Lutjanidae,Lutjaninae,Lutjanus,168846,Lutjanus apodus,168850,
SP44,Animalia,Chordata,Actinopterygii,Teleostei,Acanthopterygii,Perciformes,Percoidei,Centrarchidae,NA,Micropterus,168158,micropterus dolomieu,550562,
SP80,Animalia,Chordata,Actinopterygii,Teleostei,Acanthopterygii,Scorpaeniformes,Cottoidei,Cottidae,NA,Myoxocephalus,167311,Myoxocephalus scorpius,167318,
SP21,Animalia,Chordata,Actinopterygii,Teleostei,Protacanthopterygii,Salmoniformes,NA,Salmonidae,Salmoninae,Oncorhynchus,161974,Oncorhynchus nerka,161979,
SP39,Animalia,Chordata,Actinopterygii,Teleostei,Protacanthopterygii,Salmoniformes,NA,Salmonidae,Salmoninae,Oncorhynchus,161974,Oncorhynchus tshawytscha,161980,
SP53,Animalia,Chordata,Actinopterygii,Teleostei,Protacanthopterygii,Salmoniformes,NA,Salmonidae,Salmoninae,Oncorhynchus,161974,Oncorhynchus clarkii,161983,pleuriticus
SP79,Animalia,Chordata,Actinopterygii,Teleostei,Protacanthopterygii,Salmoniformes,NA,Salmonidae,Salmoninae,Oncorhynchus,161974,Oncorhynchus clarkia,161983,stomias
SP22,Animalia,Chordata,Actinopterygii,Teleostei,NA,Cypriniformes,NA,Cyprinidae,NA,NA,NA,Onychostoma barbatulum,NA,
SP90,Animalia,Chordata,Actinopterygii,Teleostei,Acanthopterygii,Perciformes,Notothenioidei,Nototheniidae,NA,Pagothenia,642531,Pagothenia borchgrevinki,642902,
SP89,Animalia,Chordata,Actinopterygii,Teleostei,Acanthopterygii,Pleuronectiformes,Pleuronectoidei,Paralichthyidae,NA,Paralichthys,172734,Paralichthys dentatus,172735,
SP88,Animalia,Chordata,Actinopterygii,Teleostei,Acanthopterygii,Pleuronectiformes,Pleuronectoidei,Pleuronectidae,Pleuronectinae,Parophrys,172891,Parophrys vetulus,172921,
SP12,Animalia,Chordata,Actinopterygii,Teleostei,Acanthopterygii,Perciformes,Percoidei,Percidae,NA,Perca,168468,perca fluviatilis,168470,
SP78,Animalia,Chordata,NA,Cephalaspidomorphi,NA,Petromyzontiformes,NA,Petromyzontidae,NA,Petromyzon,159721,Petromyzon marinus,159722,
SP32,Animalia,Chordata,Actinopterygii,Teleostei,Acanthopterygii,Perciformes,Percoidei,Serranidae,Epinephelinae,Plectropomus,167932,plectropomus leopardus,167933,
SP65,Animalia,Chordata,Actinopterygii,Teleostei,Acanthopterygii,Perciformes,Percoidei,Haemulidae,NA,Pomadasys,169091,Pomadasys commersonnii,630243,
SP13,Animalia,Chordata,Actinopterygii,Teleostei,Ostariophysi,Cypriniformes,NA,Leuciscidae,Leuciscinae,Rutilus,163760,rutilus rutilus,163761,
SP25,Animalia,Chordata,Actinopterygii,Teleostei,Protacanthopterygii,Salmoniformes,NA,Salmonidae,Salmoninae,Salmo,161994,salmo trutta,161997,
SP35,Animalia,Chordata,Actinopterygii,Teleostei,Protacanthopterygii,Salmoniformes,NA,Salmonidae,Salmoninae,Salmo,161994,salmo salar,161996,
SP62,Animalia,Chordata,Actinopterygii,Teleostei,Protacanthopterygii,Salmoniformes,NA,Salmonidae,Salmoninae,Salvelinus,161999,Salvelinus namaycush,162002,
SP55,Animalia,Chordata,Actinopterygii,Teleostei,Protacanthopterygii,Salmoniformes,NA,Salmonidae,Salmoninae,Salvelinus,161999,Salvelinus alpinus,162001,
SP20,Animalia,Chordata,Actinopterygii,Teleostei,Clupeomorpha,Clupeiformes,Clupeoidei,Clupeidae,Clupeinae,Sardinops,161728,Sardinops sagax,161729,
SP47,Animalia,Chordata,Actinopterygii,Teleostei,Ostariophysi,Cypriniformes,NA,Cyprinidae,NA,Schizothorax,638910,Schizothorax prenanti,690079,
SP72,Animalia,Chordata,Actinopterygii,Teleostei,Acanthopterygii,Perciformes,Acanthuroidei,Siganidae,NA,Siganus,172329,Siganus rivulatus,172346,
SP10,Animalia,Chordata,Actinopterygii,Teleostei,Acanthopterygii,Perciformes,Percoidei,Percichthyidae,NA,Siniperca,641853,Siniperca knerii,641921,
SP48,Animalia,Chordata,Actinopterygii,Teleostei,Ostariophysi,Cypriniformes,NA,Cyprinidae,NA,Spinibarbus,NA,Spinibarbus sinensis,NA,
SP7,Animalia,Chordata,Actinopterygii,Teleostei,Clupeomorpha,Clupeiformes,Clupeoidei,Clupeidae,Clupeinae,Sprattus,161788,sprattus sprattus,161789,
SP81,Animalia,Chordata,Actinopterygii,Teleostei,Acanthopterygii,Scorpaeniformes,Cottoidei,Cottidae,NA,Taurulus,167389,Taurulus bubalis,167390,
SP27,Animalia,Chordata,Actinopterygii,Teleostei,Acanthopterygii,Perciformes,Labroidei,Labridae,NA,Tautogolabrus,170480,tautogolabrus adspersus,170481,
SP43,Animalia,Chordata,Actinopterygii,Teleostei,Acanthopterygii,Perciformes,Percoidei,Carangidae,Caranginae,Trachurus,168585,Trachurus japonicus,642012,
SP94,Animalia,Chordata,Actinopterygii,Teleostei,Acanthopterygii,Perciformes,Zoarcoidei,Anarhichadidae,NA,Anarhichas,171336,Anarhichas lupus,171341,
SP95,Animalia,Chordata,Actinopterygii,Teleostei,Protacanthopterygii,Salmoniformes,NA,Salmonidae,Coregoninae,Prosopium,162007,Prosopium williamsoni,162009,
SP96,Animalia,Chordata,Actinopterygii,Teleostei,Acanthopterygii,Perciformes,Percoidei,Percichthyidae,NA,Gadopsis,170220,Gadopsis marmoratus,170221,
SP97,Animalia,Chordata,Actinopterygii,Teleostei,Acanthopterygii,Perciformes,Percoidei,Percichthyidae,NA,Gadopsis,170220,Gadopsis bispinosus,641887,
SP98,Animalia,Chordata,Actinopterygii,Teleostei,Protacanthopterygii,Salmoniformes,NA,Salmonidae,Salmoninae,Oncorhynchus,161974,Oncorhynchus gorbuscha,161975,
SP99,Animalia,Chordata,Actinopterygii,Teleostei,Ostariophysi,Cypriniformes,NA,Cyprinidae,NA,Barbus,163618,Barbus barbus,163619,
SP101,Animalia,Chordata,Actinopterygii,Teleostei,Ostariophysi,Siluriformes,NA,Ictaluridae,NA,Ictalurus,163996,Ictalurus furcatus,163997,
SP102,Animalia,Chordata,Actinopterygii,Teleostei,Acanthopterygii,Gasterosteiformes,Gasterosteoidei,Gasterosteidae,NA,Gasterosteus,166364,Gasterosteus aculeatus,166365,
SP103,Animalia,Chordata,Actinopterygii,Teleostei,Acanthopterygii,Perciformes,Channoidei,Channidae,NA,Channa,166662,Channa striata,166667,
SP104,Animalia,Chordata,Actinopterygii,Teleostei,Ostariophysi,Cypriniformes,NA,Cyprinidae,NA,Cyprinus,163343,Cyprinus carpio,163344,var. communis
SP105,Animalia,Chordata,Actinopterygii,Teleostei,Acanthopterygii,Perciformes,Percoidei,Serranidae,Serraninae,Centropristis,167686,Centropristis striata,167687,
SP106,Animalia,Chordata,Actinopterygii,Teleostei,Acanthopterygii,Perciformes,Labroidei,Cichlidae,NA,Oreochromis,170014,Oreochromis mossambicus,170015,
SP107,Animalia,Chordata,Actinopterygii,Teleostei,Acanthopterygii,Mugiliformes,NA,Mugilidae,NA,Chelon,170363,Chelon labrosus,170371,
SP108,Animalia,Chordata,Actinopterygii,Teleostei,Acanthopterygii,Perciformes,Notothenioidei,Nototheniidae,NA,Trematomus,642501,Trematomus bernacchii,643036,
SP109,Animalia,Chordata,Actinopterygii,Teleostei,Acanthopterygii,Perciformes,Notothenioidei,Nototheniidae,NA,Trematomus,642501,Trematomus pennellii,643043,
SP110,Animalia,Chordata,Actinopterygii,Teleostei,Paracanthopterygii,Lophiiformes,Lophioidei,Lophiidae,NA,Lophius,164498,Lophius litulon,690538,
SP111,Animalia,Chordata,Actinopterygii,Teleostei,Acanthopterygii,Perciformes,Labroidei,Pomacentridae,NA,Dascyllus,170121,Dascyllus melanurus,170127,
SP112,Animalia,Chordata,Actinopterygii,Teleostei,Acanthopterygii,Perciformes,Labroidei,Pomacentridae,NA,Chromis,170079,Chromis atripectoralis,170103,
SP113,Animalia,Chordata,Actinopterygii,Teleostei,Acanthopterygii,Perciformes,Labroidei,Pomacentridae,NA,Pomacentrus,170150,Pomacentrus moluccensis,615461,
SP114,Animalia,Chordata,Actinopterygii,Teleostei,NA,Apogoniformes,NA,Apogonidae,NA,Zoramia,NA,Zoramia leptacanthus,NA,
SP115,Animalia,Chordata,Actinopterygii,Teleostei,Acanthopterygii,Perciformes,Percoidei,Apogonidae,Apogoninae,Cheilodipterus,168288,Cheilodipterus quinquelineatus,168291,
SP116,Animalia,Chordata,Actinopterygii,Teleostei,Ostariophysi,Cypriniformes,NA,Leuciscidae,Leuciscinae,Abramis,163665,Abramis brama,163666,
SP117,Animalia,Chordata,Actinopterygii,Teleostei,Acanthopterygii,Perciformes,Labroidei,Cichlidae,NA,Oreochromis,170014,Oreochromis esculentus,648840,
SP118,Animalia,Chordata,Actinopterygii,Teleostei,Ostariophysi,Cypriniformes,NA,Catostomidae,Catostominae,Catostomus,163893,Catostomus commersonii,553273,
SP119,Animalia,Chordata,Actinopterygii,Teleostei,Protacanthopterygii,Salmoniformes,NA,Salmonidae,Salmoninae,Salvelinus,161999,Salvelinus malma,162000,
SP120,Animalia,Chordata,Actinopterygii,Teleostei,Acanthopterygii,Cyprinodontiformes,Cyprinodontoidei,Poeciliidae,Poeciliinae,Poecilia,165897,Poecilia reticulata,165903,
SP121,Animalia,Chordata,Actinopterygii,Teleostei,Acanthopterygii,Perciformes,Notothenioidei,Bathydraconidae,NA,Gymnodraco,171114,Gymnodraco acuticeps,642589,
SP122,Animalia,Chordata,Actinopterygii,Teleostei,Acanthopterygii,Perciformes,Percoidei,Centropomidae,Latinae,Lates,167668,Lates niloticus,167670,
SP123,Animalia,Chordata,Actinopterygii,Teleostei,Acanthopterygii,Perciformes,Percoidei,Sparidae,NA,Dentex,169219,Dentex dentex,169224,
SP124,Animalia,Chordata,Actinopterygii,Teleostei,Acanthopterygii,Perciformes,Zoarcoidei,Zoarcidae,NA,Zoarces,165323,Zoarces viviparus,165324,
SP125,Animalia,Chordata,Actinopterygii,Teleostei,Acanthopterygii,Perciformes,Percoidei,Sparidae,NA,Sarpa,182941,Sarpa salpa,182942,
SP126,Animalia,Chordata,Actinopterygii,Teleostei,Acanthopterygii,Perciformes,Percoidei,Percidae,NA,Sander,650162,Sander vitreus,650173,
SP127,Animalia,Chordata,Chondrichthyes,Chondrichthyes,Euselachii,Carcharhiniformes,NA,Triakidae,NA,Triakis,160447,Triakis semifasciata,160448,
SP128,Animalia,Chordata,Actinopterygii,Teleostei,Acanthopterygii,Perciformes,Percoidei,Pomatomidae,NA,Pomatomus,168558,Pomatomus saltatrix,168559,
SP129,Animalia,Chordata,Actinopterygii,Teleostei,Acanthopterygii,Perciformes,Blennioidei,Tripterygiidae,NA,Forsterygion,638285,Forsterygion lapillum,638492,
SP130,Animalia,Chordata,Actinopterygii,Teleostei,Ostariophysi,Cypriniformes,NA,Leuciscidae,Laviniinae,Mylopharodon,163586,Mylopharodon conocephalus,163587,
SP131,Animalia,Chordata,Actinopterygii,Teleostei,Acanthopterygii,Perciformes,Percoidei,Sciaenidae,NA,Micropogonias,169282,Micropogonias undulatus,169283,
SP132,Animalia,Chordata,Actinopterygii,Teleostei,Acanthopterygii,Perciformes,Percoidei,Sciaenidae,NA,Leiostomus,169266,Leiostomus xanthurus,169267,
SP133,Animalia,Chordata,Actinopterygii,Teleostei,Acanthopterygii,Perciformes,Percoidei,Percidae,NA,Etheostoma,168357,Etheostoma fonticola,168395,
SP134,Animalia,Chordata,Actinopterygii,Teleostei,Acanthopterygii,Perciformes,Labroidei,Embiotocidae,NA,Amphistichus,169756,Amphistichus argenteus,169758,
SP135,Animalia,Chordata,Actinopterygii,Teleostei,Ostariophysi,Cypriniformes,NA,Leuciscidae,Laviniinae,Ptychocheilus,163522,Ptychocheilus oregonensis,163523,